# The unit of each TxPower value is 0.5dBm.
# 'x' means use efuse default value instead of from this table
# Channels in the table are treated as center channel.

<Ver:02>

[US,MX,CO,PE]
<cck,  c1, c2, c5, c11>
ch001, 31, 31, 31, 31
ch002, 31, 31, 31, 31
ch003, 31, 31, 31, 31
ch004, 31, 31, 31, 31
ch005, 31, 31, 31, 31
ch006, 31, 31, 31, 31
ch007, 31, 31, 31, 31
ch008, 31, 31, 31, 31
ch009, 31, 31, 31, 31
ch010, 33, 33, 33, 33
ch011, 33, 33, 33, 33
ch012, 33, 33, 33, 33
ch013, 27, 27, 27, 27
ch014, x, x, x, x
</cck>

<ofdm, o6, o9, o12, o18, o24, o36, o48, o54>
ch001, 29, 29, 29, 29, 29, 29, 29, 29
ch002, 29, 29, 29, 29, 29, 29, 29, 29
ch003, 29, 29, 29, 29, 29, 29, 29, 29
ch004, 29, 29, 29, 29, 29, 29, 29, 29
ch005, 29, 29, 29, 29, 29, 29, 29, 29
ch006, 29, 29, 29, 29, 29, 29, 29, 29
ch007, 29, 29, 29, 29, 29, 29, 29, 29
ch008, 29, 29, 29, 29, 29, 29, 29, 29
ch009, 29, 29, 29, 29, 29, 29, 29, 29
ch010, 29, 29, 29, 29, 29, 29, 29, 29
ch011, 29, 29, 29, 29, 29, 29, 29, 29
ch012, 27, 27, 27, 27, 27, 27, 27, 27
ch013, 20, 20, 20, 20, 20, 20, 20, 20
ch014, x, x, x, x, x, x, x, x
ch036, 31, 31, 31, 31, 31, 31, 31, 31
ch038, 31, 31, 31, 31, 31, 31, 31, 31
ch040, 31, 31, 31, 31, 31, 31, 31, 31
ch042, 31, 31, 31, 31, 31, 31, 31, 31
ch044, 33, 33, 33, 33, 33, 33, 33, 33
ch046, 33, 33, 33, 33, 33, 33, 33, 33
ch048, 33, 33, 33, 33, 33, 33, 33, 33
ch050, x, x, x, x, x, x, x, x
ch052, 33, 33, 33, 33, 33, 33, 33, 33
ch054, 33, 33, 33, 33, 33, 33, 33, 33
ch056, 33, 33, 33, 33, 33, 33, 33, 33
ch058, 33, 33, 33, 33, 33, 33, 33, 33
ch060, 32, 32, 32, 32, 32, 32, 32, 32
ch062, 32, 32, 32, 32, 32, 32, 32, 32
ch064, 30, 30, 30, 30, 30, 30, 30, 30
ch100, 32, 32, 32, 32, 32, 32, 32, 32
ch102, 32, 32, 32, 32, 32, 32, 32, 32
ch104, 32, 32, 32, 32, 32, 32, 32, 32
ch106, 32, 32, 32, 32, 32, 32, 32, 32
ch108, 32, 32, 32, 32, 32, 32, 32, 32
ch110, 32, 32, 32, 32, 32, 32, 32, 32
ch112, 32, 32, 32, 32, 32, 32, 32, 32
ch114, x, x, x, x, x, x, x, x
ch116, 32, 32, 32, 32, 32, 32, 32, 32
ch118, 32, 32, 32, 32, 32, 32, 32, 32
ch120, 32, 32, 32, 32, 32, 32, 32, 32
ch122, 32, 32, 32, 32, 32, 32, 32, 32
ch124, 32, 32, 32, 32, 32, 32, 32, 32
ch126, 32, 32, 32, 32, 32, 32, 32, 32
ch128, 32, 32, 32, 32, 32, 32, 32, 32
ch132, 31, 31, 31, 31, 31, 31, 31, 31
ch134, 31, 31, 31, 31, 31, 31, 31, 31
ch136, 31, 31, 31, 31, 31, 31, 31, 31
ch138, 31, 31, 31, 31, 31, 31, 31, 31
ch140, 31, 31, 31, 31, 31, 31, 31, 31
ch142, 32, 32, 32, 32, 32, 32, 32, 32
ch144, 32, 32, 32, 32, 32, 32, 32, 32
ch149, 33, 33, 33, 33, 33, 33, 33, 33
ch151, 33, 33, 33, 33, 33, 33, 33, 33
ch153, 33, 33, 33, 33, 33, 33, 33, 33
ch155, 33, 33, 33, 33, 33, 33, 33, 33
ch157, 33, 33, 33, 33, 33, 33, 33, 33
ch159, 33, 33, 33, 33, 33, 33, 33, 33
ch161, 33, 33, 33, 33, 33, 33, 33, 33
ch165, 33, 33, 33, 33, 33, 33, 33, 33
</ofdm>

<ht20, m0, m1, m2, m3, m4, m5, m6, m7>
ch001, 29, 29, 29, 29, 29, 29, 29, 29
ch002, 29, 29, 29, 29, 29, 29, 29, 29
ch003, 29, 29, 29, 29, 29, 29, 29, 29
ch004, 29, 29, 29, 29, 29, 29, 29, 29
ch005, 29, 29, 29, 29, 29, 29, 29, 29
ch006, 29, 29, 29, 29, 29, 29, 29, 29
ch007, 29, 29, 29, 29, 29, 29, 29, 29
ch008, 29, 29, 29, 29, 29, 29, 29, 29
ch009, 29, 29, 29, 29, 29, 29, 29, 29
ch010, 29, 29, 29, 29, 29, 29, 29, 29
ch011, 29, 29, 29, 29, 29, 29, 29, 29
ch012, 27, 27, 27, 27, 27, 27, 27, 27
ch013, 20, 20, 20, 20, 20, 20, 20, 20
ch014, x, x, x, x, x, x, x, x
ch036, 29, 29, 29, 29, 29, 29, 29, 29
ch038, 29, 29, 29, 29, 29, 29, 29, 29
ch040, 29, 29, 29, 29, 29, 29, 29, 29
ch042, 29, 29, 29, 29, 29, 29, 29, 29
ch044, 29, 29, 29, 29, 29, 29, 29, 29
ch046, 29, 29, 29, 29, 29, 29, 29, 29
ch048, 29, 29, 29, 29, 29, 29, 29, 29
ch050, x, x, x, x, x, x, x, x
ch052, 29, 29, 29, 29, 29, 29, 29, 29
ch054, 29, 29, 29, 29, 29, 29, 29, 29
ch056, 29, 29, 29, 29, 29, 29, 29, 29
ch058, 29, 29, 29, 29, 29, 29, 29, 29
ch060, 29, 29, 29, 29, 29, 29, 29, 29
ch062, 29, 29, 29, 29, 29, 29, 29, 29
ch064, 29, 29, 29, 29, 29, 29, 29, 29
ch100, 29, 29, 29, 29, 29, 29, 29, 29
ch102, 29, 29, 29, 29, 29, 29, 29, 29
ch104, 29, 29, 29, 29, 29, 29, 29, 29
ch106, 29, 29, 29, 29, 29, 29, 29, 29
ch108, 29, 29, 29, 29, 29, 29, 29, 29
ch110, 29, 29, 29, 29, 29, 29, 29, 29
ch112, 29, 29, 29, 29, 29, 29, 29, 29
ch114, x, x, x, x, x, x, x, x
ch116, 29, 29, 29, 29, 29, 29, 29, 29
ch118, 29, 29, 29, 29, 29, 29, 29, 29
ch120, 29, 29, 29, 29, 29, 29, 29, 29
ch122, 29, 29, 29, 29, 29, 29, 29, 29
ch124, 29, 29, 29, 29, 29, 29, 29, 29
ch126, 29, 29, 29, 29, 29, 29, 29, 29
ch128, 29, 29, 29, 29, 29, 29, 29, 29
ch132, 29, 29, 29, 29, 29, 29, 29, 29
ch134, 29, 29, 29, 29, 29, 29, 29, 29
ch136, 29, 29, 29, 29, 29, 29, 29, 29
ch138, 29, 29, 29, 29, 29, 29, 29, 29
ch140, 29, 29, 29, 29, 29, 29, 29, 29
ch142, 29, 29, 29, 29, 29, 29, 29, 29
ch144, 29, 29, 29, 29, 29, 29, 29, 29
ch149, 29, 29, 29, 29, 29, 29, 29, 29
ch151, 29, 29, 29, 29, 29, 29, 29, 29
ch153, 29, 29, 29, 29, 29, 29, 29, 29
ch155, 29, 29, 29, 29, 29, 29, 29, 29
ch157, 29, 29, 29, 29, 29, 29, 29, 29
ch159, 29, 29, 29, 29, 29, 29, 29, 29
ch161, 29, 29, 29, 29, 29, 29, 29, 29
ch165, 29, 29, 29, 29, 29, 29, 29, 29
</ht20>

<ht40, m0, m1, m2, m3, m4, m5, m6, m7, m32> 
ch038, 26, 26, 26, 26, 26, 26, 26, 26, 26
ch042, 26, 26, 26, 26, 26, 26, 26, 26, 26
ch046, 29, 29, 29, 29, 29, 29, 29, 29, 29
ch050, x, x, x, x, x, x, x, x, x
ch054, 29, 29, 29, 29, 29, 29, 29, 29, 29
ch058, 29, 29, 29, 29, 29, 29, 29, 29, 29
ch062, 29, 29, 29, 29, 29, 29, 29, 29, 29
ch102, 29, 29, 29, 29, 29, 29, 29, 29, 29
ch106, 29, 29, 29, 29, 29, 29, 29, 29, 29
ch110, 29, 29, 29, 29, 29, 29, 29, 29, 29
ch114, x, x, x, x, x, x, x, x, x
ch118, 29, 29, 29, 29, 29, 29, 29, 29, 29
ch122, 29, 29, 29, 29, 29, 29, 29, 29, 29
ch126, 29, 29, 29, 29, 29, 29, 29, 29, 29
ch134, 29, 29, 29, 29, 29, 29, 29, 29, 29
ch138, 29, 29, 29, 29, 29, 29, 29, 29, 29
ch142, 29, 29, 29, 29, 29, 29, 29, 29, 29
ch151, 29, 29, 29, 29, 29, 29, 29, 29, 29
ch155, 29, 29, 29, 29, 29, 29, 29, 29, 29
ch159, 29, 29, 29, 29, 29, 29, 29, 29, 29
</ht40>

<vht20, m0, m1, m2, m3, m4, m5, m6, m7, m8, m9>
ch001, 29, 29, 29, 29, 29, 29, 29, 29, 29, 29
ch002, 29, 29, 29, 29, 29, 29, 29, 29, 29, 29
ch003, 29, 29, 29, 29, 29, 29, 29, 29, 29, 29
ch004, 29, 29, 29, 29, 29, 29, 29, 29, 29, 29
ch005, 29, 29, 29, 29, 29, 29, 29, 29, 29, 29
ch006, 29, 29, 29, 29, 29, 29, 29, 29, 29, 29
ch007, 29, 29, 29, 29, 29, 29, 29, 29, 29, 29
ch008, 29, 29, 29, 29, 29, 29, 29, 29, 29, 29
ch009, 29, 29, 29, 29, 29, 29, 29, 29, 29, 29
ch010, 29, 29, 29, 29, 29, 29, 29, 29, 29, 29
ch011, 29, 29, 29, 29, 29, 29, 29, 29, 29, 29
ch012, 27, 27, 27, 27, 27, 27, 27, 27, 27, 27
ch013, 20, 20, 20, 20, 20, 20, 20, 20, 20, 20
ch014, x, x, x, x, x, x, x, x, x, x
ch036, 29, 29, 29, 29, 29, 29, 29, 29, 29, 29
ch038, 29, 29, 29, 29, 29, 29, 29, 29, 29, 29
ch040, 29, 29, 29, 29, 29, 29, 29, 29, 29, 29
ch042, 29, 29, 29, 29, 29, 29, 29, 29, 29, 29
ch044, 29, 29, 29, 29, 29, 29, 29, 29, 29, 29
ch046, 29, 29, 29, 29, 29, 29, 29, 29, 29, 29
ch048, 29, 29, 29, 29, 29, 29, 29, 29, 29, 29
ch050, x, x, x, x, x, x, x, x, x, x
ch052, 29, 29, 29, 29, 29, 29, 29, 29, 29, 29
ch054, 29, 29, 29, 29, 29, 29, 29, 29, 29, 29
ch056, 29, 29, 29, 29, 29, 29, 29, 29, 29, 29
ch058, 29, 29, 29, 29, 29, 29, 29, 29, 29, 29
ch060, 29, 29, 29, 29, 29, 29, 29, 29, 29, 29
ch062, 29, 29, 29, 29, 29, 29, 29, 29, 29, 29
ch064, 29, 29, 29, 29, 29, 29, 29, 29, 29, 29
ch100, 29, 29, 29, 29, 29, 29, 29, 29, 29, 29
ch102, 29, 29, 29, 29, 29, 29, 29, 29, 29, 29
ch104, 29, 29, 29, 29, 29, 29, 29, 29, 29, 29
ch106, 29, 29, 29, 29, 29, 29, 29, 29, 29, 29
ch108, 29, 29, 29, 29, 29, 29, 29, 29, 29, 29
ch110, 29, 29, 29, 29, 29, 29, 29, 29, 29, 29
ch112, 29, 29, 29, 29, 29, 29, 29, 29, 29, 29
ch114, x, x, x, x, x, x, x, x, x, x
ch116, 29, 29, 29, 29, 29, 29, 29, 29, 29, 29
ch118, 29, 29, 29, 29, 29, 29, 29, 29, 29, 29
ch120, 29, 29, 29, 29, 29, 29, 29, 29, 29, 29
ch122, 29, 29, 29, 29, 29, 29, 29, 29, 29, 29
ch124, 29, 29, 29, 29, 29, 29, 29, 29, 29, 29
ch126, 29, 29, 29, 29, 29, 29, 29, 29, 29, 29
ch128, 29, 29, 29, 29, 29, 29, 29, 29, 29, 29
ch132, 29, 29, 29, 29, 29, 29, 29, 29, 29, 29
ch134, 29, 29, 29, 29, 29, 29, 29, 29, 29, 29
ch136, 29, 29, 29, 29, 29, 29, 29, 29, 29, 29
ch138, 29, 29, 29, 29, 29, 29, 29, 29, 29, 29
ch140, 29, 29, 29, 29, 29, 29, 29, 29, 29, 29
ch142, 29, 29, 29, 29, 29, 29, 29, 29, 29, 29
ch144, 29, 29, 29, 29, 29, 29, 29, 29, 29, 29
ch149, 29, 29, 29, 29, 29, 29, 29, 29, 29, 29
ch151, 29, 29, 29, 29, 29, 29, 29, 29, 29, 29
ch153, 29, 29, 29, 29, 29, 29, 29, 29, 29, 29
ch155, 29, 29, 29, 29, 29, 29, 29, 29, 29, 29
ch157, 29, 29, 29, 29, 29, 29, 29, 29, 29, 29
ch159, 29, 29, 29, 29, 29, 29, 29, 29, 29, 29
ch161, 29, 29, 29, 29, 29, 29, 29, 29, 29, 29
ch165, 29, 29, 29, 29, 29, 29, 29, 29, 29, 29
</vht20>

<vht40, m0, m1, m2, m3, m4, m5, m6, m7, m8, m9>
ch038, 26, 26, 26, 26, 26, 26, 26, 26, 26, 26
ch042, 26, 26, 26, 26, 26, 26, 26, 26, 26, 26
ch046, 29, 29, 29, 29, 29, 29, 29, 29, 29, 29
ch050, x, x, x, x, x, x, x, x, x, x
ch054, 29, 29, 29, 29, 29, 29, 29, 29, 29, 29
ch058, 29, 29, 29, 29, 29, 29, 29, 29, 29, 29
ch062, 29, 29, 29, 29, 29, 29, 29, 29, 29, 29
ch102, 29, 29, 29, 29, 29, 29, 29, 29, 29, 29
ch106, 29, 29, 29, 29, 29, 29, 29, 29, 29, 29
ch110, 29, 29, 29, 29, 29, 29, 29, 29, 29, 29
ch114, x, x, x, x, x, x, x, x, x, x
ch118, 29, 29, 29, 29, 29, 29, 29, 29, 29, 29
ch122, 29, 29, 29, 29, 29, 29, 29, 29, 29, 29
ch126, 29, 29, 29, 29, 29, 29, 29, 29, 29, 29
ch134, 29, 29, 29, 29, 29, 29, 29, 29, 29, 29
ch138, 29, 29, 29, 29, 29, 29, 29, 29, 29, 29
ch142, 29, 29, 29, 29, 29, 29, 29, 29, 29, 29
ch151, 29, 29, 29, 29, 29, 29, 29, 29, 29, 29
ch155, 29, 29, 29, 29, 29, 29, 29, 29, 29, 29
ch159, 29, 29, 29, 29, 29, 29, 29, 29, 29, 29
</vht40>

<vht80, m0, m1, m2, m3, m4, m5, m6, m7, m8, m9> 
ch042, 23, 23, 23, 23, 23, 23, 23, 23, 23, 23
ch050, x, x, x, x, x, x, x, x, x, x
ch058, 22, 22, 22, 22, 22, 22, 22, 22, 22, 22
ch106, 28, 28, 28, 28, 28, 28, 28, 28, 28, 28
ch114, x, x, x, x, x, x, x, x, x, x
ch122, 29, 29, 29, 29, 29, 29, 29, 29, 29, 29
ch138, 29, 29, 29, 29, 29, 29, 29, 29, 29, 29
ch155, 29, 29, 29, 29, 29, 29, 29, 29, 29, 29
</vht80>

<ru26, m0, m1, m2, m3, m4, m5, m6, m7, m8, m9, m10, m11>
ch001, 11, 11, 11, 11, 11, 11, 11, 11, 11, 11, 11, 11
ch002, 11, 11, 11, 11, 11, 11, 11, 11, 11, 11, 11, 11
ch003, 11, 11, 11, 11, 11, 11, 11, 11, 11, 11, 11, 11
ch004, 11, 11, 11, 11, 11, 11, 11, 11, 11, 11, 11, 11
ch005, 11, 11, 11, 11, 11, 11, 11, 11, 11, 11, 11, 11
ch006, 11, 11, 11, 11, 11, 11, 11, 11, 11, 11, 11, 11
ch007, 11, 11, 11, 11, 11, 11, 11, 11, 11, 11, 11, 11
ch008, 11, 11, 11, 11, 11, 11, 11, 11, 11, 11, 11, 11
ch009, 11, 11, 11, 11, 11, 11, 11, 11, 11, 11, 11, 11
ch010, 11, 11, 11, 11, 11, 11, 11, 11, 11, 11, 11, 11
ch011, 11, 11, 11, 11, 11, 11, 11, 11, 11, 11, 11, 11
ch012, 11, 11, 11, 11, 11, 11, 11, 11, 11, 11, 11, 11
ch013, -6, -6, -6, -6, -6, -6, -6, -6, -6, -6, -6, -6
ch014, x, x, x, x, x, x, x, x, x, x, x, x
ch036, 13, 13, 13, 13, 13, 13, 13, 13, 13, 13, 13, 13
ch038, 13, 13, 13, 13, 13, 13, 13, 13, 13, 13, 13, 13
ch040, 13, 13, 13, 13, 13, 13, 13, 13, 13, 13, 13, 13
ch042, 13, 13, 13, 13, 13, 13, 13, 13, 13, 13, 13, 13
ch044, 12, 12, 12, 12, 12, 12, 12, 12, 12, 12, 12, 12
ch046, 12, 12, 12, 12, 12, 12, 12, 12, 12, 12, 12, 12
ch048, 9, 9, 9, 9, 9, 9, 9, 9, 9, 9, 9, 9
ch050, x, x, x, x, x, x, x, x, x, x, x, x
ch052, 10, 10, 10, 10, 10, 10, 10, 10, 10, 10, 10, 10
ch054, 10, 10, 10, 10, 10, 10, 10, 10, 10, 10, 10, 10
ch056, 10, 10, 10, 10, 10, 10, 10, 10, 10, 10, 10, 10
ch058, 10, 10, 10, 10, 10, 10, 10, 10, 10, 10, 10, 10
ch060, 14, 14, 14, 14, 14, 14, 14, 14, 14, 14, 14, 14
ch062, 14, 14, 14, 14, 14, 14, 14, 14, 14, 14, 14, 14
ch064, 11, 11, 11, 11, 11, 11, 11, 11, 11, 11, 11, 11
ch100, 12, 12, 12, 12, 12, 12, 12, 12, 12, 12, 12, 12
ch102, 12, 12, 12, 12, 12, 12, 12, 12, 12, 12, 12, 12
ch104, 12, 12, 12, 12, 12, 12, 12, 12, 12, 12, 12, 12
ch106, 12, 12, 12, 12, 12, 12, 12, 12, 12, 12, 12, 12
ch108, 12, 12, 12, 12, 12, 12, 12, 12, 12, 12, 12, 12
ch110, 12, 12, 12, 12, 12, 12, 12, 12, 12, 12, 12, 12
ch112, 13, 13, 13, 13, 13, 13, 13, 13, 13, 13, 13, 13
ch114, x, x, x, x, x, x, x, x, x, x, x, x
ch116, 13, 13, 13, 13, 13, 13, 13, 13, 13, 13, 13, 13
ch118, 13, 13, 13, 13, 13, 13, 13, 13, 13, 13, 13, 13
ch120, 13, 13, 13, 13, 13, 13, 13, 13, 13, 13, 13, 13
ch122, 13, 13, 13, 13, 13, 13, 13, 13, 13, 13, 13, 13
ch124, 13, 13, 13, 13, 13, 13, 13, 13, 13, 13, 13, 13
ch126, 13, 13, 13, 13, 13, 13, 13, 13, 13, 13, 13, 13
ch128, 13, 13, 13, 13, 13, 13, 13, 13, 13, 13, 13, 13
ch132, 11, 11, 11, 11, 11, 11, 11, 11, 11, 11, 11, 11
ch134, 11, 11, 11, 11, 11, 11, 11, 11, 11, 11, 11, 11
ch136, 11, 11, 11, 11, 11, 11, 11, 11, 11, 11, 11, 11
ch138, 11, 11, 11, 11, 11, 11, 11, 11, 11, 11, 11, 11
ch140, 11, 11, 11, 11, 11, 11, 11, 11, 11, 11, 11, 11
ch142, 11, 11, 11, 11, 11, 11, 11, 11, 11, 11, 11, 11
ch144, 11, 11, 11, 11, 11, 11, 11, 11, 11, 11, 11, 11
ch149, 13, 13, 13, 13, 13, 13, 13, 13, 13, 13, 13, 13
ch151, 13, 13, 13, 13, 13, 13, 13, 13, 13, 13, 13, 13
ch153, 13, 13, 13, 13, 13, 13, 13, 13, 13, 13, 13, 13
ch155, 15, 15, 15, 15, 15, 15, 15, 15, 15, 15, 15, 15
ch157, 15, 15, 15, 15, 15, 15, 15, 15, 15, 15, 15, 15
ch159, 14, 14, 14, 14, 14, 14, 14, 14, 14, 14, 14, 14
ch161, 14, 14, 14, 14, 14, 14, 14, 14, 14, 14, 14, 14
ch165, 14, 14, 14, 14, 14, 14, 14, 14, 14, 14, 14, 14
</ru26>

<ru52, m0, m1, m2, m3, m4, m5, m6, m7, m8, m9, m10, m11>
ch001, 20, 20, 20, 20, 20, 20, 20, 20, 20, 20, 20, 20
ch002, 20, 20, 20, 20, 20, 20, 20, 20, 20, 20, 20, 20
ch003, 17, 17, 17, 17, 17, 17, 17, 17, 17, 17, 17, 17
ch004, 17, 17, 17, 17, 17, 17, 17, 17, 17, 17, 17, 17
ch005, 17, 17, 17, 17, 17, 17, 17, 17, 17, 17, 17, 17
ch006, 17, 17, 17, 17, 17, 17, 17, 17, 17, 17, 17, 17
ch007, 17, 17, 17, 17, 17, 17, 17, 17, 17, 17, 17, 17
ch008, 17, 17, 17, 17, 17, 17, 17, 17, 17, 17, 17, 17
ch009, 17, 17, 17, 17, 17, 17, 17, 17, 17, 17, 17, 17
ch010, 17, 17, 17, 17, 17, 17, 17, 17, 17, 17, 17, 17
ch011, 17, 17, 17, 17, 17, 17, 17, 17, 17, 17, 17, 17
ch012, 17, 17, 17, 17, 17, 17, 17, 17, 17, 17, 17, 17
ch013, -5, -5, -5, -5, -5, -5, -5, -5, -5, -5, -5, -5
ch014, x, x, x, x, x, x, x, x, x, x, x, x
ch036, 18, 18, 18, 18, 18, 18, 18, 18, 18, 18, 18, 18
ch038, 18, 18, 18, 18, 18, 18, 18, 18, 18, 18, 18, 18
ch040, 18, 18, 18, 18, 18, 18, 18, 18, 18, 18, 18, 18
ch042, 18, 18, 18, 18, 18, 18, 18, 18, 18, 18, 18, 18
ch044, 16, 16, 16, 16, 16, 16, 16, 16, 16, 16, 16, 16
ch046, 16, 16, 16, 16, 16, 16, 16, 16, 16, 16, 16, 16
ch048, 16, 16, 16, 16, 16, 16, 16, 16, 16, 16, 16, 16
ch050, x, x, x, x, x, x, x, x, x, x, x, x
ch052, 16, 16, 16, 16, 16, 16, 16, 16, 16, 16, 16, 16
ch054, 16, 16, 16, 16, 16, 16, 16, 16, 16, 16, 16, 16
ch056, 16, 16, 16, 16, 16, 16, 16, 16, 16, 16, 16, 16
ch058, 16, 16, 16, 16, 16, 16, 16, 16, 16, 16, 16, 16
ch060, 18, 18, 18, 18, 18, 18, 18, 18, 18, 18, 18, 18
ch062, 18, 18, 18, 18, 18, 18, 18, 18, 18, 18, 18, 18
ch064, 17, 17, 17, 17, 17, 17, 17, 17, 17, 17, 17, 17
ch100, 18, 18, 18, 18, 18, 18, 18, 18, 18, 18, 18, 18
ch102, 18, 18, 18, 18, 18, 18, 18, 18, 18, 18, 18, 18
ch104, 18, 18, 18, 18, 18, 18, 18, 18, 18, 18, 18, 18
ch106, 18, 18, 18, 18, 18, 18, 18, 18, 18, 18, 18, 18
ch108, 18, 18, 18, 18, 18, 18, 18, 18, 18, 18, 18, 18
ch110, 18, 18, 18, 18, 18, 18, 18, 18, 18, 18, 18, 18
ch112, 17, 17, 17, 17, 17, 17, 17, 17, 17, 17, 17, 17
ch114, x, x, x, x, x, x, x, x, x, x, x, x
ch116, 17, 17, 17, 17, 17, 17, 17, 17, 17, 17, 17, 17
ch118, 17, 17, 17, 17, 17, 17, 17, 17, 17, 17, 17, 17
ch120, 17, 17, 17, 17, 17, 17, 17, 17, 17, 17, 17, 17
ch122, 17, 17, 17, 17, 17, 17, 17, 17, 17, 17, 17, 17
ch124, 17, 17, 17, 17, 17, 17, 17, 17, 17, 17, 17, 17
ch126, 17, 17, 17, 17, 17, 17, 17, 17, 17, 17, 17, 17
ch128, 17, 17, 17, 17, 17, 17, 17, 17, 17, 17, 17, 17
ch132, 18, 18, 18, 18, 18, 18, 18, 18, 18, 18, 18, 18
ch134, 18, 18, 18, 18, 18, 18, 18, 18, 18, 18, 18, 18
ch136, 18, 18, 18, 18, 18, 18, 18, 18, 18, 18, 18, 18
ch138, 18, 18, 18, 18, 18, 18, 18, 18, 18, 18, 18, 18
ch140, 18, 18, 18, 18, 18, 18, 18, 18, 18, 18, 18, 18
ch142, 18, 18, 18, 18, 18, 18, 18, 18, 18, 18, 18, 18
ch144, 18, 18, 18, 18, 18, 18, 18, 18, 18, 18, 18, 18
ch149, 21, 21, 21, 21, 21, 21, 21, 21, 21, 21, 21, 21
ch151, 21, 21, 21, 21, 21, 21, 21, 21, 21, 21, 21, 21
ch153, 21, 21, 21, 21, 21, 21, 21, 21, 21, 21, 21, 21
ch155, 21, 21, 21, 21, 21, 21, 21, 21, 21, 21, 21, 21
ch157, 21, 21, 21, 21, 21, 21, 21, 21, 21, 21, 21, 21
ch159, 22, 22, 22, 22, 22, 22, 22, 22, 22, 22, 22, 22
ch161, 22, 22, 22, 22, 22, 22, 22, 22, 22, 22, 22, 22
ch165, 22, 22, 22, 22, 22, 22, 22, 22, 22, 22, 22, 22
</ru52>

<ru106, m0, m1, m2, m3, m4, m5, m6, m7, m8, m9, m10, m11>
ch001, 25, 25, 25, 25, 25, 25, 25, 25, 25, 25, 25, 25
ch002, 25, 25, 25, 25, 25, 25, 25, 25, 25, 25, 25, 25
ch003, 23, 23, 23, 23, 23, 23, 23, 23, 23, 23, 23, 23
ch004, 23, 23, 23, 23, 23, 23, 23, 23, 23, 23, 23, 23
ch005, 23, 23, 23, 23, 23, 23, 23, 23, 23, 23, 23, 23
ch006, 23, 23, 23, 23, 23, 23, 23, 23, 23, 23, 23, 23
ch007, 23, 23, 23, 23, 23, 23, 23, 23, 23, 23, 23, 23
ch008, 23, 23, 23, 23, 23, 23, 23, 23, 23, 23, 23, 23
ch009, 23, 23, 23, 23, 23, 23, 23, 23, 23, 23, 23, 23
ch010, 23, 23, 23, 23, 23, 23, 23, 23, 23, 23, 23, 23
ch011, 23, 23, 23, 23, 23, 23, 23, 23, 23, 23, 23, 23
ch012, 22, 22, 22, 22, 22, 22, 22, 22, 22, 22, 22, 22
ch013, 2, 2, 2, 2, 2, 2, 2, 2, 2, 2, 2, 2
ch014, x, x, x, x, x, x, x, x, x, x, x, x
ch036, 25, 25, 25, 25, 25, 25, 25, 25, 25, 25, 25, 25
ch038, 25, 25, 25, 25, 25, 25, 25, 25, 25, 25, 25, 25
ch040, 25, 25, 25, 25, 25, 25, 25, 25, 25, 25, 25, 25
ch042, 25, 25, 25, 25, 25, 25, 25, 25, 25, 25, 25, 25
ch044, 22, 22, 22, 22, 22, 22, 22, 22, 22, 22, 22, 22
ch046, 22, 22, 22, 22, 22, 22, 22, 22, 22, 22, 22, 22
ch048, 21, 21, 21, 21, 21, 21, 21, 21, 21, 21, 21, 21
ch050, x, x, x, x, x, x, x, x, x, x, x, x
ch052, 21, 21, 21, 21, 21, 21, 21, 21, 21, 21, 21, 21
ch054, 21, 21, 21, 21, 21, 21, 21, 21, 21, 21, 21, 21
ch056, 21, 21, 21, 21, 21, 21, 21, 21, 21, 21, 21, 21
ch058, 21, 21, 21, 21, 21, 21, 21, 21, 21, 21, 21, 21
ch060, 24, 24, 24, 24, 24, 24, 24, 24, 24, 24, 24, 24
ch062, 24, 24, 24, 24, 24, 24, 24, 24, 24, 24, 24, 24
ch064, 23, 23, 23, 23, 23, 23, 23, 23, 23, 23, 23, 23
ch100, 24, 24, 24, 24, 24, 24, 24, 24, 24, 24, 24, 24
ch102, 24, 24, 24, 24, 24, 24, 24, 24, 24, 24, 24, 24
ch104, 24, 24, 24, 24, 24, 24, 24, 24, 24, 24, 24, 24
ch106, 24, 24, 24, 24, 24, 24, 24, 24, 24, 24, 24, 24
ch108, 24, 24, 24, 24, 24, 24, 24, 24, 24, 24, 24, 24
ch110, 24, 24, 24, 24, 24, 24, 24, 24, 24, 24, 24, 24
ch112, 24, 24, 24, 24, 24, 24, 24, 24, 24, 24, 24, 24
ch114, x, x, x, x, x, x, x, x, x, x, x, x
ch116, 24, 24, 24, 24, 24, 24, 24, 24, 24, 24, 24, 24
ch118, 24, 24, 24, 24, 24, 24, 24, 24, 24, 24, 24, 24
ch120, 24, 24, 24, 24, 24, 24, 24, 24, 24, 24, 24, 24
ch122, 24, 24, 24, 24, 24, 24, 24, 24, 24, 24, 24, 24
ch124, 24, 24, 24, 24, 24, 24, 24, 24, 24, 24, 24, 24
ch126, 24, 24, 24, 24, 24, 24, 24, 24, 24, 24, 24, 24
ch128, 24, 24, 24, 24, 24, 24, 24, 24, 24, 24, 24, 24
ch132, 24, 24, 24, 24, 24, 24, 24, 24, 24, 24, 24, 24
ch134, 24, 24, 24, 24, 24, 24, 24, 24, 24, 24, 24, 24
ch136, 24, 24, 24, 24, 24, 24, 24, 24, 24, 24, 24, 24
ch138, 24, 24, 24, 24, 24, 24, 24, 24, 24, 24, 24, 24
ch140, 24, 24, 24, 24, 24, 24, 24, 24, 24, 24, 24, 24
ch142, 24, 24, 24, 24, 24, 24, 24, 24, 24, 24, 24, 24
ch144, 24, 24, 24, 24, 24, 24, 24, 24, 24, 24, 24, 24
ch149, 27, 27, 27, 27, 27, 27, 27, 27, 27, 27, 27, 27
ch151, 27, 27, 27, 27, 27, 27, 27, 27, 27, 27, 27, 27
ch153, 27, 27, 27, 27, 27, 27, 27, 27, 27, 27, 27, 27
ch155, 27, 27, 27, 27, 27, 27, 27, 27, 27, 27, 27, 27
ch157, 27, 27, 27, 27, 27, 27, 27, 27, 27, 27, 27, 27
ch159, 28, 28, 28, 28, 28, 28, 28, 28, 28, 28, 28, 28
ch161, 28, 28, 28, 28, 28, 28, 28, 28, 28, 28, 28, 28
ch165, 28, 28, 28, 28, 28, 28, 28, 28, 28, 28, 28, 28
</ru106>

<ru242, m0, m1, m2, m3, m4, m5, m6, m7, m8, m9, m10, m11>
ch001, 27, 27, 27, 27, 27, 27, 27, 27, 27, 27, 27, 27
ch002, 27, 27, 27, 27, 27, 27, 27, 27, 27, 27, 27, 27
ch003, 27, 27, 27, 27, 27, 27, 27, 27, 27, 27, 27, 27
ch004, 27, 27, 27, 27, 27, 27, 27, 27, 27, 27, 27, 27
ch005, 27, 27, 27, 27, 27, 27, 27, 27, 27, 27, 27, 27
ch006, 27, 27, 27, 27, 27, 27, 27, 27, 27, 27, 27, 27
ch007, 27, 27, 27, 27, 27, 27, 27, 27, 27, 27, 27, 27
ch008, 27, 27, 27, 27, 27, 27, 27, 27, 27, 27, 27, 27
ch009, 27, 27, 27, 27, 27, 27, 27, 27, 27, 27, 27, 27
ch010, 27, 27, 27, 27, 27, 27, 27, 27, 27, 27, 27, 27
ch011, 27, 27, 27, 27, 27, 27, 27, 27, 27, 27, 27, 27
ch012, 26, 26, 26, 26, 26, 26, 26, 26, 26, 26, 26, 26
ch013, 23, 23, 23, 23, 23, 23, 23, 23, 23, 23, 23, 23
ch014, x, x, x, x, x, x, x, x, x, x, x, x
ch036, 29, 29, 29, 29, 29, 29, 29, 29, 29, 29, 29, 29
ch038, 23, 23, 23, 23, 23, 23, 23, 23, 23, 23, 23, 23
ch040, 29, 29, 29, 29, 29, 29, 29, 29, 29, 29, 29, 29
ch042, 23, 23, 23, 23, 23, 23, 23, 23, 23, 23, 23, 23
ch044, 29, 29, 29, 29, 29, 29, 29, 29, 29, 29, 29, 29
ch046, 28, 28, 28, 28, 28, 28, 28, 28, 28, 28, 28, 28
ch048, 28, 28, 28, 28, 28, 28, 28, 28, 28, 28, 28, 28
ch050, x, x, x, x, x, x, x, x, x, x, x, x
ch052, 29, 29, 29, 29, 29, 29, 29, 29, 29, 29, 29, 29
ch054, 28, 28, 28, 28, 28, 28, 28, 28, 28, 28, 28, 28
ch056, 29, 29, 29, 29, 29, 29, 29, 29, 29, 29, 29, 29
ch058, 26, 26, 26, 26, 26, 26, 26, 26, 26, 26, 26, 26
ch060, 29, 29, 29, 29, 29, 29, 29, 29, 29, 29, 29, 29
ch062, 26, 26, 26, 26, 26, 26, 26, 26, 26, 26, 26, 26
ch064, 28, 28, 28, 28, 28, 28, 28, 28, 28, 28, 28, 28
ch100, 29, 29, 29, 29, 29, 29, 29, 29, 29, 29, 29, 29
ch102, 27, 27, 27, 27, 27, 27, 27, 27, 27, 27, 27, 27
ch104, 28, 28, 28, 28, 28, 28, 28, 28, 28, 28, 28, 28
ch106, 27, 27, 27, 27, 27, 27, 27, 27, 27, 27, 27, 27
ch108, 29, 29, 29, 29, 29, 29, 29, 29, 29, 29, 29, 29
ch110, 28, 28, 28, 28, 28, 28, 28, 28, 28, 28, 28, 28
ch112, 29, 29, 29, 29, 29, 29, 29, 29, 29, 29, 29, 29
ch114, x, x, x, x, x, x, x, x, x, x, x, x
ch116, 29, 29, 29, 29, 29, 29, 29, 29, 29, 29, 29, 29
ch118, 28, 28, 28, 28, 28, 28, 28, 28, 28, 28, 28, 28
ch120, 29, 29, 29, 29, 29, 29, 29, 29, 29, 29, 29, 29
ch122, 28, 28, 28, 28, 28, 28, 28, 28, 28, 28, 28, 28
ch124, 29, 29, 29, 29, 29, 29, 29, 29, 29, 29, 29, 29
ch126, 27, 27, 27, 27, 27, 27, 27, 27, 27, 27, 27, 27
ch128, 29, 29, 29, 29, 29, 29, 29, 29, 29, 29, 29, 29
ch132, 28, 28, 28, 28, 28, 28, 28, 28, 28, 28, 28, 28
ch134, 27, 27, 27, 27, 27, 27, 27, 27, 27, 27, 27, 27
ch136, 29, 29, 29, 29, 29, 29, 29, 29, 29, 29, 29, 29
ch138, 27, 27, 27, 27, 27, 27, 27, 27, 27, 27, 27, 27
ch140, 29, 29, 29, 29, 29, 29, 29, 29, 29, 29, 29, 29
ch142, 27, 27, 27, 27, 27, 27, 27, 27, 27, 27, 27, 27
ch144, 29, 29, 29, 29, 29, 29, 29, 29, 29, 29, 29, 29
ch149, 29, 29, 29, 29, 29, 29, 29, 29, 29, 29, 29, 29
ch151, 28, 28, 28, 28, 28, 28, 28, 28, 28, 28, 28, 28
ch153, 29, 29, 29, 29, 29, 29, 29, 29, 29, 29, 29, 29
ch155, 25, 25, 25, 25, 25, 25, 25, 25, 25, 25, 25, 25
ch157, 29, 29, 29, 29, 29, 29, 29, 29, 29, 29, 29, 29
ch159, 25, 25, 25, 25, 25, 25, 25, 25, 25, 25, 25, 25
ch161, 29, 29, 29, 29, 29, 29, 29, 29, 29, 29, 29, 29
ch165, 29, 29, 29, 29, 29, 29, 29, 29, 29, 29, 29, 29
</ru242>

<ru484, m0, m1, m2, m3, m4, m5, m6, m7, m8, m9, m10, m11>
ch038, 25, 25, 25, 25, 25, 25, 25, 25, 25, 25, 25, 25
ch042, 21, 21, 21, 21, 21, 21, 21, 21, 21, 21, 21, 21
ch046, 29, 29, 29, 29, 29, 29, 29, 29, 29, 29, 29, 29
ch050, x, x, x, x, x, x, x, x, x, x, x, x
ch054, 29, 29, 29, 29, 29, 29, 29, 29, 29, 29, 29, 29
ch058, 19, 19, 19, 19, 19, 19, 19, 19, 19, 19, 19, 19
ch062, 28, 28, 28, 28, 28, 28, 28, 28, 28, 28, 28, 28
ch102, 29, 29, 29, 29, 29, 29, 29, 29, 29, 29, 29, 29
ch106, 26, 26, 26, 26, 26, 26, 26, 26, 26, 26, 26, 26
ch110, 29, 29, 29, 29, 29, 29, 29, 29, 29, 29, 29, 29
ch114, x, x, x, x, x, x, x, x, x, x, x, x
ch118, 29, 29, 29, 29, 29, 29, 29, 29, 29, 29, 29, 29
ch122, 26, 26, 26, 26, 26, 26, 26, 26, 26, 26, 26, 26
ch126, 29, 29, 29, 29, 29, 29, 29, 29, 29, 29, 29, 29
ch134, 29, 29, 29, 29, 29, 29, 29, 29, 29, 29, 29, 29
ch138, 27, 27, 27, 27, 27, 27, 27, 27, 27, 27, 27, 27
ch142, 29, 29, 29, 29, 29, 29, 29, 29, 29, 29, 29, 29
ch151, 29, 29, 29, 29, 29, 29, 29, 29, 29, 29, 29, 29
ch155, 24, 24, 24, 24, 24, 24, 24, 24, 24, 24, 24, 24
ch159, 29, 29, 29, 29, 29, 29, 29, 29, 29, 29, 29, 29
</ru484>

<ru996, m0, m1, m2, m3, m4, m5, m6, m7, m8, m9, m10, m11> 
ch042, 22, 22, 22, 22, 22, 22, 22, 22, 22, 22, 22, 22
ch050, x, x, x, x, x, x, x, x, x, x, x, x
ch058, 21, 21, 21, 21, 21, 21, 21, 21, 21, 21, 21, 21
ch106, 27, 27, 27, 27, 27, 27, 27, 27, 27, 27, 27, 27
ch114, x, x, x, x, x, x, x, x, x, x, x, x
ch122, 29, 29, 29, 29, 29, 29, 29, 29, 29, 29, 29, 29
ch138, 29, 29, 29, 29, 29, 29, 29, 29, 29, 29, 29, 29
ch155, 29, 29, 29, 29, 29, 29, 29, 29, 29, 29, 29, 29
</ru996>

[DE,FR,IT,ES,NL,SE,PL,IE,BE]
<cck,  c1, c2, c5, c11>
ch001, 22, 22, 22, 22
ch002, 22, 22, 22, 22
ch003, 22, 22, 22, 22
ch004, 22, 22, 22, 22
ch005, 22, 22, 22, 22
ch006, 22, 22, 22, 22
ch007, 22, 22, 22, 22
ch008, 22, 22, 22, 22
ch009, 22, 22, 22, 22
ch010, 22, 22, 22, 22
ch011, 22, 22, 22, 22
ch012, 22, 22, 22, 22
ch013, 22, 22, 22, 22
ch014, x, x, x, x
</cck>

<ofdm, o6, o9, o12, o18, o24, o36, o48, o54>
ch001, 27, 27, 27, 27, 27, 27, 27, 27
ch002, 27, 27, 27, 27, 27, 27, 27, 27
ch003, 27, 27, 27, 27, 27, 27, 27, 27
ch004, 27, 27, 27, 27, 27, 27, 27, 27
ch005, 27, 27, 27, 27, 27, 27, 27, 27
ch006, 27, 27, 27, 27, 27, 27, 27, 27
ch007, 27, 27, 27, 27, 27, 27, 27, 27
ch008, 27, 27, 27, 27, 27, 27, 27, 27
ch009, 27, 27, 27, 27, 27, 27, 27, 27
ch010, 27, 27, 27, 27, 27, 27, 27, 27
ch011, 27, 27, 27, 27, 27, 27, 27, 27
ch012, 27, 27, 27, 27, 27, 27, 27, 27
ch013, 27, 27, 27, 27, 27, 27, 27, 27
ch014, x, x, x, x, x, x, x, x
ch036, 25, 25, 25, 25, 25, 25, 25, 25
ch038, 25, 25, 25, 25, 25, 25, 25, 25
ch040, 25, 25, 25, 25, 25, 25, 25, 25
ch042, 25, 25, 25, 25, 25, 25, 25, 25
ch044, 25, 25, 25, 25, 25, 25, 25, 25
ch046, 25, 25, 25, 25, 25, 25, 25, 25
ch048, 25, 25, 25, 25, 25, 25, 25, 25
ch050, x, x, x, x, x, x, x, x
ch052, 21, 21, 21, 21, 21, 21, 21, 21
ch054, 21, 21, 21, 21, 21, 21, 21, 21
ch056, 21, 21, 21, 21, 21, 21, 21, 21
ch058, 21, 21, 21, 21, 21, 21, 21, 21
ch060, 21, 21, 21, 21, 21, 21, 21, 21
ch062, 21, 21, 21, 21, 21, 21, 21, 21
ch064, 21, 21, 21, 21, 21, 21, 21, 21
ch100, 17, 17, 17, 17, 17, 17, 17, 17
ch102, 17, 17, 17, 17, 17, 17, 17, 17
ch104, 17, 17, 17, 17, 17, 17, 17, 17
ch106, 17, 17, 17, 17, 17, 17, 17, 17
ch108, 17, 17, 17, 17, 17, 17, 17, 17
ch110, 17, 17, 17, 17, 17, 17, 17, 17
ch112, 17, 17, 17, 17, 17, 17, 17, 17
ch114, x, x, x, x, x, x, x, x
ch116, 17, 17, 17, 17, 17, 17, 17, 17
ch118, 17, 17, 17, 17, 17, 17, 17, 17
ch120, 17, 17, 17, 17, 17, 17, 17, 17
ch122, 17, 17, 17, 17, 17, 17, 17, 17
ch124, 17, 17, 17, 17, 17, 17, 17, 17
ch126, 17, 17, 17, 17, 17, 17, 17, 17
ch128, 17, 17, 17, 17, 17, 17, 17, 17
ch132, 19, 19, 19, 19, 19, 19, 19, 19
ch134, 19, 19, 19, 19, 19, 19, 19, 19
ch136, 19, 19, 19, 19, 19, 19, 19, 19
ch138, x, x, x, x, x, x, x, x
ch140, 19, 19, 19, 19, 19, 19, 19, 19
ch142, x, x, x, x, x, x, x, x
ch144, x, x, x, x, x, x, x, x
ch149, 11, 11, 11, 11, 11, 11, 11, 11
ch151, 11, 11, 11, 11, 11, 11, 11, 11
ch153, 11, 11, 11, 11, 11, 11, 11, 11
ch155, 11, 11, 11, 11, 11, 11, 11, 11
ch157, 12, 12, 12, 12, 12, 12, 12, 12
ch159, 12, 12, 12, 12, 12, 12, 12, 12
ch161, 12, 12, 12, 12, 12, 12, 12, 12
ch165, 12, 12, 12, 12, 12, 12, 12, 12
</ofdm>

<ht20, m0, m1, m2, m3, m4, m5, m6, m7>
ch001, 28, 28, 28, 28, 28, 28, 28, 28
ch002, 28, 28, 28, 28, 28, 28, 28, 28
ch003, 28, 28, 28, 28, 28, 28, 28, 28
ch004, 28, 28, 28, 28, 28, 28, 28, 28
ch005, 28, 28, 28, 28, 28, 28, 28, 28
ch006, 28, 28, 28, 28, 28, 28, 28, 28
ch007, 28, 28, 28, 28, 28, 28, 28, 28
ch008, 28, 28, 28, 28, 28, 28, 28, 28
ch009, 28, 28, 28, 28, 28, 28, 28, 28
ch010, 27, 27, 27, 27, 27, 27, 27, 27
ch011, 27, 27, 27, 27, 27, 27, 27, 27
ch012, 27, 27, 27, 27, 27, 27, 27, 27
ch013, 27, 27, 27, 27, 27, 27, 27, 27
ch014, x, x, x, x, x, x, x, x
ch036, 27, 27, 27, 27, 27, 27, 27, 27
ch038, 27, 27, 27, 27, 27, 27, 27, 27
ch040, 27, 27, 27, 27, 27, 27, 27, 27
ch042, 27, 27, 27, 27, 27, 27, 27, 27
ch044, 27, 27, 27, 27, 27, 27, 27, 27
ch046, 27, 27, 27, 27, 27, 27, 27, 27
ch048, 27, 27, 27, 27, 27, 27, 27, 27
ch050, x, x, x, x, x, x, x, x
ch052, 23, 23, 23, 23, 23, 23, 23, 23
ch054, 23, 23, 23, 23, 23, 23, 23, 23
ch056, 23, 23, 23, 23, 23, 23, 23, 23
ch058, 23, 23, 23, 23, 23, 23, 23, 23
ch060, 23, 23, 23, 23, 23, 23, 23, 23
ch062, 23, 23, 23, 23, 23, 23, 23, 23
ch064, 23, 23, 23, 23, 23, 23, 23, 23
ch100, 20, 20, 20, 20, 20, 20, 20, 20
ch102, 20, 20, 20, 20, 20, 20, 20, 20
ch104, 20, 20, 20, 20, 20, 20, 20, 20
ch106, 20, 20, 20, 20, 20, 20, 20, 20
ch108, 20, 20, 20, 20, 20, 20, 20, 20
ch110, 20, 20, 20, 20, 20, 20, 20, 20
ch112, 20, 20, 20, 20, 20, 20, 20, 20
ch114, x, x, x, x, x, x, x, x
ch116, 20, 20, 20, 20, 20, 20, 20, 20
ch118, 20, 20, 20, 20, 20, 20, 20, 20
ch120, 20, 20, 20, 20, 20, 20, 20, 20
ch122, 20, 20, 20, 20, 20, 20, 20, 20
ch124, 20, 20, 20, 20, 20, 20, 20, 20
ch126, 20, 20, 20, 20, 20, 20, 20, 20
ch128, 20, 20, 20, 20, 20, 20, 20, 20
ch132, 21, 21, 21, 21, 21, 21, 21, 21
ch134, 21, 21, 21, 21, 21, 21, 21, 21
ch136, 21, 21, 21, 21, 21, 21, 21, 21
ch138, x, x, x, x, x, x, x, x
ch140, 21, 21, 21, 21, 21, 21, 21, 21
ch142, x, x, x, x, x, x, x, x
ch144, x, x, x, x, x, x, x, x
ch149, 11, 11, 11, 11, 11, 11, 11, 11
ch151, 11, 11, 11, 11, 11, 11, 11, 11
ch153, 11, 11, 11, 11, 11, 11, 11, 11
ch155, 11, 11, 11, 11, 11, 11, 11, 11
ch157, 11, 11, 11, 11, 11, 11, 11, 11
ch159, 11, 11, 11, 11, 11, 11, 11, 11
ch161, 12, 12, 12, 12, 12, 12, 12, 12
ch165, 12, 12, 12, 12, 12, 12, 12, 12
</ht20>

<ht40, m0, m1, m2, m3, m4, m5, m6, m7, m32> 
ch038, 29, 29, 29, 29, 29, 29, 29, 29, 29
ch042, 29, 29, 29, 29, 29, 29, 29, 29, 29
ch046, 29, 29, 29, 29, 29, 29, 29, 29, 29
ch050, x, x, x, x, x, x, x, x, x
ch054, 25, 25, 25, 25, 25, 25, 25, 25, 25
ch058, 25, 25, 25, 25, 25, 25, 25, 25, 25
ch062, 25, 25, 25, 25, 25, 25, 25, 25, 25
ch102, 22, 22, 22, 22, 22, 22, 22, 22, 22
ch106, 22, 22, 22, 22, 22, 22, 22, 22, 22
ch110, 22, 22, 22, 22, 22, 22, 22, 22, 22
ch114, x, x, x, x, x, x, x, x, x
ch118, 22, 22, 22, 22, 22, 22, 22, 22, 22
ch122, 23, 23, 23, 23, 23, 23, 23, 23, 23
ch126, 23, 23, 23, 23, 23, 23, 23, 23, 23
ch134, 23, 23, 23, 23, 23, 23, 23, 23, 23
ch138, x, x, x, x, x, x, x, x, x
ch142, x, x, x, x, x, x, x, x, x
ch151, 11, 11, 11, 11, 11, 11, 11, 11, 11
ch155, 11, 11, 11, 11, 11, 11, 11, 11, 11
ch159, 11, 11, 11, 11, 11, 11, 11, 11, 11
</ht40>

<vht20, m0, m1, m2, m3, m4, m5, m6, m7, m8, m9>
ch001, 28, 28, 28, 28, 28, 28, 28, 28, 28, 28
ch002, 28, 28, 28, 28, 28, 28, 28, 28, 28, 28
ch003, 28, 28, 28, 28, 28, 28, 28, 28, 28, 28
ch004, 28, 28, 28, 28, 28, 28, 28, 28, 28, 28
ch005, 28, 28, 28, 28, 28, 28, 28, 28, 28, 28
ch006, 28, 28, 28, 28, 28, 28, 28, 28, 28, 28
ch007, 28, 28, 28, 28, 28, 28, 28, 28, 28, 28
ch008, 28, 28, 28, 28, 28, 28, 28, 28, 28, 28
ch009, 28, 28, 28, 28, 28, 28, 28, 28, 28, 28
ch010, 27, 27, 27, 27, 27, 27, 27, 27, 27, 27
ch011, 27, 27, 27, 27, 27, 27, 27, 27, 27, 27
ch012, 27, 27, 27, 27, 27, 27, 27, 27, 27, 27
ch013, 27, 27, 27, 27, 27, 27, 27, 27, 27, 27
ch014, x, x, x, x, x, x, x, x, x, x
ch036, 27, 27, 27, 27, 27, 27, 27, 27, 27, 27
ch038, 27, 27, 27, 27, 27, 27, 27, 27, 27, 27
ch040, 27, 27, 27, 27, 27, 27, 27, 27, 27, 27
ch042, 27, 27, 27, 27, 27, 27, 27, 27, 27, 27
ch044, 27, 27, 27, 27, 27, 27, 27, 27, 27, 27
ch046, 27, 27, 27, 27, 27, 27, 27, 27, 27, 27
ch048, 27, 27, 27, 27, 27, 27, 27, 27, 27, 27
ch050, x, x, x, x, x, x, x, x, x, x
ch052, 23, 23, 23, 23, 23, 23, 23, 23, 23, 23
ch054, 23, 23, 23, 23, 23, 23, 23, 23, 23, 23
ch056, 23, 23, 23, 23, 23, 23, 23, 23, 23, 23
ch058, 23, 23, 23, 23, 23, 23, 23, 23, 23, 23
ch060, 23, 23, 23, 23, 23, 23, 23, 23, 23, 23
ch062, 23, 23, 23, 23, 23, 23, 23, 23, 23, 23
ch064, 23, 23, 23, 23, 23, 23, 23, 23, 23, 23
ch100, 20, 20, 20, 20, 20, 20, 20, 20, 20, 20
ch102, 20, 20, 20, 20, 20, 20, 20, 20, 20, 20
ch104, 20, 20, 20, 20, 20, 20, 20, 20, 20, 20
ch106, 20, 20, 20, 20, 20, 20, 20, 20, 20, 20
ch108, 20, 20, 20, 20, 20, 20, 20, 20, 20, 20
ch110, 20, 20, 20, 20, 20, 20, 20, 20, 20, 20
ch112, 20, 20, 20, 20, 20, 20, 20, 20, 20, 20
ch114, x, x, x, x, x, x, x, x, x, x
ch116, 20, 20, 20, 20, 20, 20, 20, 20, 20, 20
ch118, 20, 20, 20, 20, 20, 20, 20, 20, 20, 20
ch120, 20, 20, 20, 20, 20, 20, 20, 20, 20, 20
ch122, 20, 20, 20, 20, 20, 20, 20, 20, 20, 20
ch124, 20, 20, 20, 20, 20, 20, 20, 20, 20, 20
ch126, 20, 20, 20, 20, 20, 20, 20, 20, 20, 20
ch128, 20, 20, 20, 20, 20, 20, 20, 20, 20, 20
ch132, 21, 21, 21, 21, 21, 21, 21, 21, 21, 21
ch134, 21, 21, 21, 21, 21, 21, 21, 21, 21, 21
ch136, 21, 21, 21, 21, 21, 21, 21, 21, 21, 21
ch138, x, x, x, x, x, x, x, x, x, x
ch140, 21, 21, 21, 21, 21, 21, 21, 21, 21, 21
ch142, x, x, x, x, x, x, x, x, x, x
ch144, x, x, x, x, x, x, x, x, x, x
ch149, 11, 11, 11, 11, 11, 11, 11, 11, 11, 11
ch151, 11, 11, 11, 11, 11, 11, 11, 11, 11, 11
ch153, 11, 11, 11, 11, 11, 11, 11, 11, 11, 11
ch155, 11, 11, 11, 11, 11, 11, 11, 11, 11, 11
ch157, 11, 11, 11, 11, 11, 11, 11, 11, 11, 11
ch159, 11, 11, 11, 11, 11, 11, 11, 11, 11, 11
ch161, 12, 12, 12, 12, 12, 12, 12, 12, 12, 12
ch165, 12, 12, 12, 12, 12, 12, 12, 12, 12, 12
</vht20>

<vht40, m0, m1, m2, m3, m4, m5, m6, m7, m8, m9>
ch038, 29, 29, 29, 29, 29, 29, 29, 29, 29, 29
ch042, 29, 29, 29, 29, 29, 29, 29, 29, 29, 29
ch046, 29, 29, 29, 29, 29, 29, 29, 29, 29, 29
ch050, x, x, x, x, x, x, x, x, x, x
ch054, 25, 25, 25, 25, 25, 25, 25, 25, 25, 25
ch058, 25, 25, 25, 25, 25, 25, 25, 25, 25, 25
ch062, 25, 25, 25, 25, 25, 25, 25, 25, 25, 25
ch102, 22, 22, 22, 22, 22, 22, 22, 22, 22, 22
ch106, 22, 22, 22, 22, 22, 22, 22, 22, 22, 22
ch110, 22, 22, 22, 22, 22, 22, 22, 22, 22, 22
ch114, x, x, x, x, x, x, x, x, x, x
ch118, 22, 22, 22, 22, 22, 22, 22, 22, 22, 22
ch122, 23, 23, 23, 23, 23, 23, 23, 23, 23, 23
ch126, 23, 23, 23, 23, 23, 23, 23, 23, 23, 23
ch134, 23, 23, 23, 23, 23, 23, 23, 23, 23, 23
ch138, x, x, x, x, x, x, x, x, x, x
ch142, x, x, x, x, x, x, x, x, x, x
ch151, 11, 11, 11, 11, 11, 11, 11, 11, 11, 11
ch155, 11, 11, 11, 11, 11, 11, 11, 11, 11, 11
ch159, 11, 11, 11, 11, 11, 11, 11, 11, 11, 11
</vht40>

<vht80, m0, m1, m2, m3, m4, m5, m6, m7, m8, m9> 
ch042, 29, 29, 29, 29, 29, 29, 29, 29, 29, 29
ch050, x, x, x, x, x, x, x, x, x, x
ch058, 24, 24, 24, 24, 24, 24, 24, 24, 24, 24
ch106, 23, 23, 23, 23, 23, 23, 23, 23, 23, 23
ch114, x, x, x, x, x, x, x, x, x, x
ch122, 23, 23, 23, 23, 23, 23, 23, 23, 23, 23
ch138, x, x, x, x, x, x, x, x, x, x
ch155, 12, 12, 12, 12, 12, 12, 12, 12, 12, 12
</vht80>

<ru26, m0, m1, m2, m3, m4, m5, m6, m7, m8, m9, m10, m11>
ch001, 12, 12, 12, 12, 12, 12, 12, 12, 12, 12, 12, 12
ch002, 12, 12, 12, 12, 12, 12, 12, 12, 12, 12, 12, 12
ch003, 11, 11, 11, 11, 11, 11, 11, 11, 11, 11, 11, 11
ch004, 11, 11, 11, 11, 11, 11, 11, 11, 11, 11, 11, 11
ch005, 11, 11, 11, 11, 11, 11, 11, 11, 11, 11, 11, 11
ch006, 11, 11, 11, 11, 11, 11, 11, 11, 11, 11, 11, 11
ch007, 11, 11, 11, 11, 11, 11, 11, 11, 11, 11, 11, 11
ch008, 11, 11, 11, 11, 11, 11, 11, 11, 11, 11, 11, 11
ch009, 11, 11, 11, 11, 11, 11, 11, 11, 11, 11, 11, 11
ch010, 11, 11, 11, 11, 11, 11, 11, 11, 11, 11, 11, 11
ch011, 11, 11, 11, 11, 11, 11, 11, 11, 11, 11, 11, 11
ch012, 11, 11, 11, 11, 11, 11, 11, 11, 11, 11, 11, 11
ch013, 11, 11, 11, 11, 11, 11, 11, 11, 11, 11, 11, 11
ch014, x, x, x, x, x, x, x, x, x, x, x, x
ch036, 12, 12, 12, 12, 12, 12, 12, 12, 12, 12, 12, 12
ch038, 12, 12, 12, 12, 12, 12, 12, 12, 12, 12, 12, 12
ch040, 12, 12, 12, 12, 12, 12, 12, 12, 12, 12, 12, 12
ch042, 12, 12, 12, 12, 12, 12, 12, 12, 12, 12, 12, 12
ch044, 12, 12, 12, 12, 12, 12, 12, 12, 12, 12, 12, 12
ch046, 12, 12, 12, 12, 12, 12, 12, 12, 12, 12, 12, 12
ch048, 12, 12, 12, 12, 12, 12, 12, 12, 12, 12, 12, 12
ch050, x, x, x, x, x, x, x, x, x, x, x, x
ch052, 5, 5, 5, 5, 5, 5, 5, 5, 5, 5, 5, 5
ch054, 5, 5, 5, 5, 5, 5, 5, 5, 5, 5, 5, 5
ch056, 5, 5, 5, 5, 5, 5, 5, 5, 5, 5, 5, 5
ch058, 5, 5, 5, 5, 5, 5, 5, 5, 5, 5, 5, 5
ch060, 5, 5, 5, 5, 5, 5, 5, 5, 5, 5, 5, 5
ch062, 5, 5, 5, 5, 5, 5, 5, 5, 5, 5, 5, 5
ch064, 5, 5, 5, 5, 5, 5, 5, 5, 5, 5, 5, 5
ch100, 5, 5, 5, 5, 5, 5, 5, 5, 5, 5, 5, 5
ch102, 5, 5, 5, 5, 5, 5, 5, 5, 5, 5, 5, 5
ch104, 5, 5, 5, 5, 5, 5, 5, 5, 5, 5, 5, 5
ch106, 5, 5, 5, 5, 5, 5, 5, 5, 5, 5, 5, 5
ch108, 5, 5, 5, 5, 5, 5, 5, 5, 5, 5, 5, 5
ch110, 5, 5, 5, 5, 5, 5, 5, 5, 5, 5, 5, 5
ch112, 5, 5, 5, 5, 5, 5, 5, 5, 5, 5, 5, 5
ch114, x, x, x, x, x, x, x, x, x, x, x, x
ch116, 5, 5, 5, 5, 5, 5, 5, 5, 5, 5, 5, 5
ch118, 5, 5, 5, 5, 5, 5, 5, 5, 5, 5, 5, 5
ch120, 5, 5, 5, 5, 5, 5, 5, 5, 5, 5, 5, 5
ch122, 5, 5, 5, 5, 5, 5, 5, 5, 5, 5, 5, 5
ch124, 5, 5, 5, 5, 5, 5, 5, 5, 5, 5, 5, 5
ch126, 5, 5, 5, 5, 5, 5, 5, 5, 5, 5, 5, 5
ch128, 5, 5, 5, 5, 5, 5, 5, 5, 5, 5, 5, 5
ch132, 6, 6, 6, 6, 6, 6, 6, 6, 6, 6, 6, 6
ch134, 6, 6, 6, 6, 6, 6, 6, 6, 6, 6, 6, 6
ch136, 6, 6, 6, 6, 6, 6, 6, 6, 6, 6, 6, 6
ch138, x, x, x, x, x, x, x, x, x, x, x, x
ch140, 6, 6, 6, 6, 6, 6, 6, 6, 6, 6, 6, 6
ch142, x, x, x, x, x, x, x, x, x, x, x, x
ch144, x, x, x, x, x, x, x, x, x, x, x, x
ch149, 9, 9, 9, 9, 9, 9, 9, 9, 9, 9, 9, 9
ch151, 9, 9, 9, 9, 9, 9, 9, 9, 9, 9, 9, 9
ch153, 9, 9, 9, 9, 9, 9, 9, 9, 9, 9, 9, 9
ch155, 9, 9, 9, 9, 9, 9, 9, 9, 9, 9, 9, 9
ch157, 9, 9, 9, 9, 9, 9, 9, 9, 9, 9, 9, 9
ch159, 9, 9, 9, 9, 9, 9, 9, 9, 9, 9, 9, 9
ch161, 9, 9, 9, 9, 9, 9, 9, 9, 9, 9, 9, 9
ch165, 9, 9, 9, 9, 9, 9, 9, 9, 9, 9, 9, 9
</ru26>

<ru52, m0, m1, m2, m3, m4, m5, m6, m7, m8, m9, m10, m11>
ch001, 17, 17, 17, 17, 17, 17, 17, 17, 17, 17, 17, 17
ch002, 17, 17, 17, 17, 17, 17, 17, 17, 17, 17, 17, 17
ch003, 16, 16, 16, 16, 16, 16, 16, 16, 16, 16, 16, 16
ch004, 16, 16, 16, 16, 16, 16, 16, 16, 16, 16, 16, 16
ch005, 16, 16, 16, 16, 16, 16, 16, 16, 16, 16, 16, 16
ch006, 16, 16, 16, 16, 16, 16, 16, 16, 16, 16, 16, 16
ch007, 16, 16, 16, 16, 16, 16, 16, 16, 16, 16, 16, 16
ch008, 16, 16, 16, 16, 16, 16, 16, 16, 16, 16, 16, 16
ch009, 16, 16, 16, 16, 16, 16, 16, 16, 16, 16, 16, 16
ch010, 16, 16, 16, 16, 16, 16, 16, 16, 16, 16, 16, 16
ch011, 16, 16, 16, 16, 16, 16, 16, 16, 16, 16, 16, 16
ch012, 16, 16, 16, 16, 16, 16, 16, 16, 16, 16, 16, 16
ch013, 16, 16, 16, 16, 16, 16, 16, 16, 16, 16, 16, 16
ch014, x, x, x, x, x, x, x, x, x, x, x, x
ch036, 17, 17, 17, 17, 17, 17, 17, 17, 17, 17, 17, 17
ch038, 17, 17, 17, 17, 17, 17, 17, 17, 17, 17, 17, 17
ch040, 17, 17, 17, 17, 17, 17, 17, 17, 17, 17, 17, 17
ch042, 17, 17, 17, 17, 17, 17, 17, 17, 17, 17, 17, 17
ch044, 17, 17, 17, 17, 17, 17, 17, 17, 17, 17, 17, 17
ch046, 17, 17, 17, 17, 17, 17, 17, 17, 17, 17, 17, 17
ch048, 17, 17, 17, 17, 17, 17, 17, 17, 17, 17, 17, 17
ch050, x, x, x, x, x, x, x, x, x, x, x, x
ch052, 11, 11, 11, 11, 11, 11, 11, 11, 11, 11, 11, 11
ch054, 11, 11, 11, 11, 11, 11, 11, 11, 11, 11, 11, 11
ch056, 11, 11, 11, 11, 11, 11, 11, 11, 11, 11, 11, 11
ch058, 11, 11, 11, 11, 11, 11, 11, 11, 11, 11, 11, 11
ch060, 11, 11, 11, 11, 11, 11, 11, 11, 11, 11, 11, 11
ch062, 11, 11, 11, 11, 11, 11, 11, 11, 11, 11, 11, 11
ch064, 11, 11, 11, 11, 11, 11, 11, 11, 11, 11, 11, 11
ch100, 10, 10, 10, 10, 10, 10, 10, 10, 10, 10, 10, 10
ch102, 10, 10, 10, 10, 10, 10, 10, 10, 10, 10, 10, 10
ch104, 10, 10, 10, 10, 10, 10, 10, 10, 10, 10, 10, 10
ch106, 10, 10, 10, 10, 10, 10, 10, 10, 10, 10, 10, 10
ch108, 10, 10, 10, 10, 10, 10, 10, 10, 10, 10, 10, 10
ch110, 10, 10, 10, 10, 10, 10, 10, 10, 10, 10, 10, 10
ch112, 10, 10, 10, 10, 10, 10, 10, 10, 10, 10, 10, 10
ch114, x, x, x, x, x, x, x, x, x, x, x, x
ch116, 10, 10, 10, 10, 10, 10, 10, 10, 10, 10, 10, 10
ch118, 10, 10, 10, 10, 10, 10, 10, 10, 10, 10, 10, 10
ch120, 10, 10, 10, 10, 10, 10, 10, 10, 10, 10, 10, 10
ch122, 10, 10, 10, 10, 10, 10, 10, 10, 10, 10, 10, 10
ch124, 10, 10, 10, 10, 10, 10, 10, 10, 10, 10, 10, 10
ch126, 10, 10, 10, 10, 10, 10, 10, 10, 10, 10, 10, 10
ch128, 10, 10, 10, 10, 10, 10, 10, 10, 10, 10, 10, 10
ch132, 10, 10, 10, 10, 10, 10, 10, 10, 10, 10, 10, 10
ch134, 10, 10, 10, 10, 10, 10, 10, 10, 10, 10, 10, 10
ch136, 10, 10, 10, 10, 10, 10, 10, 10, 10, 10, 10, 10
ch138, x, x, x, x, x, x, x, x, x, x, x, x
ch140, 10, 10, 10, 10, 10, 10, 10, 10, 10, 10, 10, 10
ch142, x, x, x, x, x, x, x, x, x, x, x, x
ch144, x, x, x, x, x, x, x, x, x, x, x, x
ch149, 10, 10, 10, 10, 10, 10, 10, 10, 10, 10, 10, 10
ch151, 10, 10, 10, 10, 10, 10, 10, 10, 10, 10, 10, 10
ch153, 10, 10, 10, 10, 10, 10, 10, 10, 10, 10, 10, 10
ch155, 10, 10, 10, 10, 10, 10, 10, 10, 10, 10, 10, 10
ch157, 11, 11, 11, 11, 11, 11, 11, 11, 11, 11, 11, 11
ch159, 11, 11, 11, 11, 11, 11, 11, 11, 11, 11, 11, 11
ch161, 11, 11, 11, 11, 11, 11, 11, 11, 11, 11, 11, 11
ch165, 11, 11, 11, 11, 11, 11, 11, 11, 11, 11, 11, 11
</ru52>

<ru106, m0, m1, m2, m3, m4, m5, m6, m7, m8, m9, m10, m11>
ch001, 22, 22, 22, 22, 22, 22, 22, 22, 22, 22, 22, 22
ch002, 22, 22, 22, 22, 22, 22, 22, 22, 22, 22, 22, 22
ch003, 22, 22, 22, 22, 22, 22, 22, 22, 22, 22, 22, 22
ch004, 22, 22, 22, 22, 22, 22, 22, 22, 22, 22, 22, 22
ch005, 22, 22, 22, 22, 22, 22, 22, 22, 22, 22, 22, 22
ch006, 22, 22, 22, 22, 22, 22, 22, 22, 22, 22, 22, 22
ch007, 22, 22, 22, 22, 22, 22, 22, 22, 22, 22, 22, 22
ch008, 22, 22, 22, 22, 22, 22, 22, 22, 22, 22, 22, 22
ch009, 22, 22, 22, 22, 22, 22, 22, 22, 22, 22, 22, 22
ch010, 21, 21, 21, 21, 21, 21, 21, 21, 21, 21, 21, 21
ch011, 21, 21, 21, 21, 21, 21, 21, 21, 21, 21, 21, 21
ch012, 21, 21, 21, 21, 21, 21, 21, 21, 21, 21, 21, 21
ch013, 21, 21, 21, 21, 21, 21, 21, 21, 21, 21, 21, 21
ch014, x, x, x, x, x, x, x, x, x, x, x, x
ch036, 22, 22, 22, 22, 22, 22, 22, 22, 22, 22, 22, 22
ch038, 22, 22, 22, 22, 22, 22, 22, 22, 22, 22, 22, 22
ch040, 22, 22, 22, 22, 22, 22, 22, 22, 22, 22, 22, 22
ch042, 22, 22, 22, 22, 22, 22, 22, 22, 22, 22, 22, 22
ch044, 22, 22, 22, 22, 22, 22, 22, 22, 22, 22, 22, 22
ch046, 22, 22, 22, 22, 22, 22, 22, 22, 22, 22, 22, 22
ch048, 22, 22, 22, 22, 22, 22, 22, 22, 22, 22, 22, 22
ch050, x, x, x, x, x, x, x, x, x, x, x, x
ch052, 16, 16, 16, 16, 16, 16, 16, 16, 16, 16, 16, 16
ch054, 16, 16, 16, 16, 16, 16, 16, 16, 16, 16, 16, 16
ch056, 16, 16, 16, 16, 16, 16, 16, 16, 16, 16, 16, 16
ch058, 16, 16, 16, 16, 16, 16, 16, 16, 16, 16, 16, 16
ch060, 16, 16, 16, 16, 16, 16, 16, 16, 16, 16, 16, 16
ch062, 16, 16, 16, 16, 16, 16, 16, 16, 16, 16, 16, 16
ch064, 16, 16, 16, 16, 16, 16, 16, 16, 16, 16, 16, 16
ch100, 15, 15, 15, 15, 15, 15, 15, 15, 15, 15, 15, 15
ch102, 15, 15, 15, 15, 15, 15, 15, 15, 15, 15, 15, 15
ch104, 15, 15, 15, 15, 15, 15, 15, 15, 15, 15, 15, 15
ch106, 15, 15, 15, 15, 15, 15, 15, 15, 15, 15, 15, 15
ch108, 15, 15, 15, 15, 15, 15, 15, 15, 15, 15, 15, 15
ch110, 15, 15, 15, 15, 15, 15, 15, 15, 15, 15, 15, 15
ch112, 15, 15, 15, 15, 15, 15, 15, 15, 15, 15, 15, 15
ch114, x, x, x, x, x, x, x, x, x, x, x, x
ch116, 15, 15, 15, 15, 15, 15, 15, 15, 15, 15, 15, 15
ch118, 15, 15, 15, 15, 15, 15, 15, 15, 15, 15, 15, 15
ch120, 15, 15, 15, 15, 15, 15, 15, 15, 15, 15, 15, 15
ch122, 15, 15, 15, 15, 15, 15, 15, 15, 15, 15, 15, 15
ch124, 15, 15, 15, 15, 15, 15, 15, 15, 15, 15, 15, 15
ch126, 15, 15, 15, 15, 15, 15, 15, 15, 15, 15, 15, 15
ch128, 15, 15, 15, 15, 15, 15, 15, 15, 15, 15, 15, 15
ch132, 15, 15, 15, 15, 15, 15, 15, 15, 15, 15, 15, 15
ch134, 15, 15, 15, 15, 15, 15, 15, 15, 15, 15, 15, 15
ch136, 15, 15, 15, 15, 15, 15, 15, 15, 15, 15, 15, 15
ch138, x, x, x, x, x, x, x, x, x, x, x, x
ch140, 15, 15, 15, 15, 15, 15, 15, 15, 15, 15, 15, 15
ch142, x, x, x, x, x, x, x, x, x, x, x, x
ch144, x, x, x, x, x, x, x, x, x, x, x, x
ch149, 10, 10, 10, 10, 10, 10, 10, 10, 10, 10, 10, 10
ch151, 10, 10, 10, 10, 10, 10, 10, 10, 10, 10, 10, 10
ch153, 10, 10, 10, 10, 10, 10, 10, 10, 10, 10, 10, 10
ch155, 10, 10, 10, 10, 10, 10, 10, 10, 10, 10, 10, 10
ch157, 11, 11, 11, 11, 11, 11, 11, 11, 11, 11, 11, 11
ch159, 11, 11, 11, 11, 11, 11, 11, 11, 11, 11, 11, 11
ch161, 11, 11, 11, 11, 11, 11, 11, 11, 11, 11, 11, 11
ch165, 11, 11, 11, 11, 11, 11, 11, 11, 11, 11, 11, 11
</ru106>

<ru242, m0, m1, m2, m3, m4, m5, m6, m7, m8, m9, m10, m11>
ch001, 28, 28, 28, 28, 28, 28, 28, 28, 28, 28, 28, 28
ch002, 28, 28, 28, 28, 28, 28, 28, 28, 28, 28, 28, 28
ch003, 28, 28, 28, 28, 28, 28, 28, 28, 28, 28, 28, 28
ch004, 28, 28, 28, 28, 28, 28, 28, 28, 28, 28, 28, 28
ch005, 28, 28, 28, 28, 28, 28, 28, 28, 28, 28, 28, 28
ch006, 28, 28, 28, 28, 28, 28, 28, 28, 28, 28, 28, 28
ch007, 28, 28, 28, 28, 28, 28, 28, 28, 28, 28, 28, 28
ch008, 28, 28, 28, 28, 28, 28, 28, 28, 28, 28, 28, 28
ch009, 28, 28, 28, 28, 28, 28, 28, 28, 28, 28, 28, 28
ch010, 28, 28, 28, 28, 28, 28, 28, 28, 28, 28, 28, 28
ch011, 28, 28, 28, 28, 28, 28, 28, 28, 28, 28, 28, 28
ch012, 28, 28, 28, 28, 28, 28, 28, 28, 28, 28, 28, 28
ch013, 28, 28, 28, 28, 28, 28, 28, 28, 28, 28, 28, 28
ch014, x, x, x, x, x, x, x, x, x, x, x, x
ch036, 26, 26, 26, 26, 26, 26, 26, 26, 26, 26, 26, 26
ch038, 27, 27, 27, 27, 27, 27, 27, 27, 27, 27, 27, 27
ch040, 26, 26, 26, 26, 26, 26, 26, 26, 26, 26, 26, 26
ch042, 27, 27, 27, 27, 27, 27, 27, 27, 27, 27, 27, 27
ch044, 26, 26, 26, 26, 26, 26, 26, 26, 26, 26, 26, 26
ch046, 27, 27, 27, 27, 27, 27, 27, 27, 27, 27, 27, 27
ch048, 26, 26, 26, 26, 26, 26, 26, 26, 26, 26, 26, 26
ch050, x, x, x, x, x, x, x, x, x, x, x, x
ch052, 22, 22, 22, 22, 22, 22, 22, 22, 22, 22, 22, 22
ch054, 23, 23, 23, 23, 23, 23, 23, 23, 23, 23, 23, 23
ch056, 22, 22, 22, 22, 22, 22, 22, 22, 22, 22, 22, 22
ch058, 23, 23, 23, 23, 23, 23, 23, 23, 23, 23, 23, 23
ch060, 22, 22, 22, 22, 22, 22, 22, 22, 22, 22, 22, 22
ch062, 23, 23, 23, 23, 23, 23, 23, 23, 23, 23, 23, 23
ch064, 22, 22, 22, 22, 22, 22, 22, 22, 22, 22, 22, 22
ch100, 19, 19, 19, 19, 19, 19, 19, 19, 19, 19, 19, 19
ch102, 21, 21, 21, 21, 21, 21, 21, 21, 21, 21, 21, 21
ch104, 19, 19, 19, 19, 19, 19, 19, 19, 19, 19, 19, 19
ch106, 21, 21, 21, 21, 21, 21, 21, 21, 21, 21, 21, 21
ch108, 19, 19, 19, 19, 19, 19, 19, 19, 19, 19, 19, 19
ch110, 21, 21, 21, 21, 21, 21, 21, 21, 21, 21, 21, 21
ch112, 19, 19, 19, 19, 19, 19, 19, 19, 19, 19, 19, 19
ch114, x, x, x, x, x, x, x, x, x, x, x, x
ch116, 19, 19, 19, 19, 19, 19, 19, 19, 19, 19, 19, 19
ch118, 21, 21, 21, 21, 21, 21, 21, 21, 21, 21, 21, 21
ch120, 19, 19, 19, 19, 19, 19, 19, 19, 19, 19, 19, 19
ch122, 21, 21, 21, 21, 21, 21, 21, 21, 21, 21, 21, 21
ch124, 19, 19, 19, 19, 19, 19, 19, 19, 19, 19, 19, 19
ch126, 21, 21, 21, 21, 21, 21, 21, 21, 21, 21, 21, 21
ch128, 19, 19, 19, 19, 19, 19, 19, 19, 19, 19, 19, 19
ch132, 20, 20, 20, 20, 20, 20, 20, 20, 20, 20, 20, 20
ch134, 21, 21, 21, 21, 21, 21, 21, 21, 21, 21, 21, 21
ch136, 20, 20, 20, 20, 20, 20, 20, 20, 20, 20, 20, 20
ch138, x, x, x, x, x, x, x, x, x, x, x, x
ch140, 20, 20, 20, 20, 20, 20, 20, 20, 20, 20, 20, 20
ch142, x, x, x, x, x, x, x, x, x, x, x, x
ch144, x, x, x, x, x, x, x, x, x, x, x, x
ch149, 11, 11, 11, 11, 11, 11, 11, 11, 11, 11, 11, 11
ch151, 10, 10, 10, 10, 10, 10, 10, 10, 10, 10, 10, 10
ch153, 11, 11, 11, 11, 11, 11, 11, 11, 11, 11, 11, 11
ch155, 10, 10, 10, 10, 10, 10, 10, 10, 10, 10, 10, 10
ch157, 11, 11, 11, 11, 11, 11, 11, 11, 11, 11, 11, 11
ch159, 11, 11, 11, 11, 11, 11, 11, 11, 11, 11, 11, 11
ch161, 12, 12, 12, 12, 12, 12, 12, 12, 12, 12, 12, 12
ch165, 12, 12, 12, 12, 12, 12, 12, 12, 12, 12, 12, 12
</ru242>

<ru484, m0, m1, m2, m3, m4, m5, m6, m7, m8, m9, m10, m11>
ch038, 29, 29, 29, 29, 29, 29, 29, 29, 29, 29, 29, 29
ch042, 26, 26, 26, 26, 26, 26, 26, 26, 26, 26, 26, 26
ch046, 30, 30, 30, 30, 30, 30, 30, 30, 30, 30, 30, 30
ch050, x, x, x, x, x, x, x, x, x, x, x, x
ch054, 25, 25, 25, 25, 25, 25, 25, 25, 25, 25, 25, 25
ch058, 21, 21, 21, 21, 21, 21, 21, 21, 21, 21, 21, 21
ch062, 25, 25, 25, 25, 25, 25, 25, 25, 25, 25, 25, 25
ch102, 21, 21, 21, 21, 21, 21, 21, 21, 21, 21, 21, 21
ch106, 22, 22, 22, 22, 22, 22, 22, 22, 22, 22, 22, 22
ch110, 21, 21, 21, 21, 21, 21, 21, 21, 21, 21, 21, 21
ch114, x, x, x, x, x, x, x, x, x, x, x, x
ch118, 21, 21, 21, 21, 21, 21, 21, 21, 21, 21, 21, 21
ch122, 21, 21, 21, 21, 21, 21, 21, 21, 21, 21, 21, 21
ch126, 22, 22, 22, 22, 22, 22, 22, 22, 22, 22, 22, 22
ch134, 22, 22, 22, 22, 22, 22, 22, 22, 22, 22, 22, 22
ch138, x, x, x, x, x, x, x, x, x, x, x, x
ch142, x, x, x, x, x, x, x, x, x, x, x, x
ch151, 11, 11, 11, 11, 11, 11, 11, 11, 11, 11, 11, 11
ch155, 12, 12, 12, 12, 12, 12, 12, 12, 12, 12, 12, 12
ch159, 11, 11, 11, 11, 11, 11, 11, 11, 11, 11, 11, 11
</ru484>

<ru996, m0, m1, m2, m3, m4, m5, m6, m7, m8, m9, m10, m11> 
ch042, 29, 29, 29, 29, 29, 29, 29, 29, 29, 29, 29, 29
ch050, x, x, x, x, x, x, x, x, x, x, x, x
ch058, 25, 25, 25, 25, 25, 25, 25, 25, 25, 25, 25, 25
ch106, 24, 24, 24, 24, 24, 24, 24, 24, 24, 24, 24, 24
ch114, x, x, x, x, x, x, x, x, x, x, x, x
ch122, 24, 24, 24, 24, 24, 24, 24, 24, 24, 24, 24, 24
ch138, x, x, x, x, x, x, x, x, x, x, x, x
ch155, 12, 12, 12, 12, 12, 12, 12, 12, 12, 12, 12, 12
</ru996>

[CA]
<cck,  c1, c2, c5, c11>
ch001, 31, 31, 31, 31
ch002, 31, 31, 31, 31
ch003, 31, 31, 31, 31
ch004, 31, 31, 31, 31
ch005, 31, 31, 31, 31
ch006, 31, 31, 31, 31
ch007, 31, 31, 31, 31
ch008, 31, 31, 31, 31
ch009, 31, 31, 31, 31
ch010, 33, 33, 33, 33
ch011, 33, 33, 33, 33
ch012, x, x, x, x
ch013, x, x, x, x
ch014, x, x, x, x
</cck>

<ofdm, o6, o9, o12, o18, o24, o36, o48, o54>
ch001, 29, 29, 29, 29, 29, 29, 29, 29
ch002, 29, 29, 29, 29, 29, 29, 29, 29
ch003, 29, 29, 29, 29, 29, 29, 29, 29
ch004, 29, 29, 29, 29, 29, 29, 29, 29
ch005, 29, 29, 29, 29, 29, 29, 29, 29
ch006, 29, 29, 29, 29, 29, 29, 29, 29
ch007, 29, 29, 29, 29, 29, 29, 29, 29
ch008, 29, 29, 29, 29, 29, 29, 29, 29
ch009, 29, 29, 29, 29, 29, 29, 29, 29
ch010, 29, 29, 29, 29, 29, 29, 29, 29
ch011, 29, 29, 29, 29, 29, 29, 29, 29
ch012, x, x, x, x, x, x, x, x
ch013, x, x, x, x, x, x, x, x
ch014, x, x, x, x, x, x, x, x
ch036, 18, 18, 18, 18, 18, 18, 18, 18
ch038, 18, 18, 18, 18, 18, 18, 18, 18
ch040, 18, 18, 18, 18, 18, 18, 18, 18
ch042, 18, 18, 18, 18, 18, 18, 18, 18
ch044, 19, 19, 19, 19, 19, 19, 19, 19
ch046, 19, 19, 19, 19, 19, 19, 19, 19
ch048, 19, 19, 19, 19, 19, 19, 19, 19
ch050, x, x, x, x, x, x, x, x
ch052, 30, 30, 30, 30, 30, 30, 30, 30
ch054, 30, 30, 30, 30, 30, 30, 30, 30
ch056, 30, 30, 30, 30, 30, 30, 30, 30
ch058, 30, 30, 30, 30, 30, 30, 30, 30
ch060, 31, 31, 31, 31, 31, 31, 31, 31
ch062, 31, 31, 31, 31, 31, 31, 31, 31
ch064, 30, 30, 30, 30, 30, 30, 30, 30
ch100, 32, 32, 32, 32, 32, 32, 32, 32
ch102, 32, 32, 32, 32, 32, 32, 32, 32
ch104, 32, 32, 32, 32, 32, 32, 32, 32
ch106, 32, 32, 32, 32, 32, 32, 32, 32
ch108, 32, 32, 32, 32, 32, 32, 32, 32
ch110, 32, 32, 32, 32, 32, 32, 32, 32
ch112, 32, 32, 32, 32, 32, 32, 32, 32
ch114, x, x, x, x, x, x, x, x
ch116, 32, 32, 32, 32, 32, 32, 32, 32
ch118, x, x, x, x, x, x, x, x
ch120, x, x, x, x, x, x, x, x
ch122, x, x, x, x, x, x, x, x
ch124, x, x, x, x, x, x, x, x
ch126, x, x, x, x, x, x, x, x
ch128, x, x, x, x, x, x, x, x
ch132, 31, 31, 31, 31, 31, 31, 31, 31
ch134, 31, 31, 31, 31, 31, 31, 31, 31
ch136, 31, 31, 31, 31, 31, 31, 31, 31
ch138, 31, 31, 31, 31, 31, 31, 31, 31
ch140, 31, 31, 31, 31, 31, 31, 31, 31
ch142, 32, 32, 32, 32, 32, 32, 32, 32
ch144, 32, 32, 32, 32, 32, 32, 32, 32
ch149, 33, 33, 33, 33, 33, 33, 33, 33
ch151, 33, 33, 33, 33, 33, 33, 33, 33
ch153, 33, 33, 33, 33, 33, 33, 33, 33
ch155, 33, 33, 33, 33, 33, 33, 33, 33
ch157, 33, 33, 33, 33, 33, 33, 33, 33
ch159, 33, 33, 33, 33, 33, 33, 33, 33
ch161, 33, 33, 33, 33, 33, 33, 33, 33
ch165, 33, 33, 33, 33, 33, 33, 33, 33
</ofdm>

<ht20, m0, m1, m2, m3, m4, m5, m6, m7>
ch001, 29, 29, 29, 29, 29, 29, 29, 29
ch002, 29, 29, 29, 29, 29, 29, 29, 29
ch003, 29, 29, 29, 29, 29, 29, 29, 29
ch004, 29, 29, 29, 29, 29, 29, 29, 29
ch005, 29, 29, 29, 29, 29, 29, 29, 29
ch006, 29, 29, 29, 29, 29, 29, 29, 29
ch007, 29, 29, 29, 29, 29, 29, 29, 29
ch008, 29, 29, 29, 29, 29, 29, 29, 29
ch009, 29, 29, 29, 29, 29, 29, 29, 29
ch010, 29, 29, 29, 29, 29, 29, 29, 29
ch011, 29, 29, 29, 29, 29, 29, 29, 29
ch012, x, x, x, x, x, x, x, x
ch013, x, x, x, x, x, x, x, x
ch014, x, x, x, x, x, x, x, x
ch036, 19, 19, 19, 19, 19, 19, 19, 19
ch038, 19, 19, 19, 19, 19, 19, 19, 19
ch040, 19, 19, 19, 19, 19, 19, 19, 19
ch042, 19, 19, 19, 19, 19, 19, 19, 19
ch044, 21, 21, 21, 21, 21, 21, 21, 21
ch046, 21, 21, 21, 21, 21, 21, 21, 21
ch048, 21, 21, 21, 21, 21, 21, 21, 21
ch050, x, x, x, x, x, x, x, x
ch052, 29, 29, 29, 29, 29, 29, 29, 29
ch054, 29, 29, 29, 29, 29, 29, 29, 29
ch056, 29, 29, 29, 29, 29, 29, 29, 29
ch058, 29, 29, 29, 29, 29, 29, 29, 29
ch060, 29, 29, 29, 29, 29, 29, 29, 29
ch062, 29, 29, 29, 29, 29, 29, 29, 29
ch064, 29, 29, 29, 29, 29, 29, 29, 29
ch100, 29, 29, 29, 29, 29, 29, 29, 29
ch102, 29, 29, 29, 29, 29, 29, 29, 29
ch104, 29, 29, 29, 29, 29, 29, 29, 29
ch106, 29, 29, 29, 29, 29, 29, 29, 29
ch108, 29, 29, 29, 29, 29, 29, 29, 29
ch110, 29, 29, 29, 29, 29, 29, 29, 29
ch112, 29, 29, 29, 29, 29, 29, 29, 29
ch114, x, x, x, x, x, x, x, x
ch116, 29, 29, 29, 29, 29, 29, 29, 29
ch118, x, x, x, x, x, x, x, x
ch120, x, x, x, x, x, x, x, x
ch122, x, x, x, x, x, x, x, x
ch124, x, x, x, x, x, x, x, x
ch126, x, x, x, x, x, x, x, x
ch128, x, x, x, x, x, x, x, x
ch132, 29, 29, 29, 29, 29, 29, 29, 29
ch134, 29, 29, 29, 29, 29, 29, 29, 29
ch136, 29, 29, 29, 29, 29, 29, 29, 29
ch138, 29, 29, 29, 29, 29, 29, 29, 29
ch140, 29, 29, 29, 29, 29, 29, 29, 29
ch142, 29, 29, 29, 29, 29, 29, 29, 29
ch144, 29, 29, 29, 29, 29, 29, 29, 29
ch149, 29, 29, 29, 29, 29, 29, 29, 29
ch151, 29, 29, 29, 29, 29, 29, 29, 29
ch153, 29, 29, 29, 29, 29, 29, 29, 29
ch155, 29, 29, 29, 29, 29, 29, 29, 29
ch157, 29, 29, 29, 29, 29, 29, 29, 29
ch159, 29, 29, 29, 29, 29, 29, 29, 29
ch161, 29, 29, 29, 29, 29, 29, 29, 29
ch165, 29, 29, 29, 29, 29, 29, 29, 29
</ht20>

<ht40, m0, m1, m2, m3, m4, m5, m6, m7, m32> 
ch038, 23, 23, 23, 23, 23, 23, 23, 23, 23
ch042, 23, 23, 23, 23, 23, 23, 23, 23, 23
ch046, 25, 25, 25, 25, 25, 25, 25, 25, 25
ch050, x, x, x, x, x, x, x, x, x
ch054, 29, 29, 29, 29, 29, 29, 29, 29, 29
ch058, 29, 29, 29, 29, 29, 29, 29, 29, 29
ch062, 29, 29, 29, 29, 29, 29, 29, 29, 29
ch102, 29, 29, 29, 29, 29, 29, 29, 29, 29
ch106, 29, 29, 29, 29, 29, 29, 29, 29, 29
ch110, 29, 29, 29, 29, 29, 29, 29, 29, 29
ch114, x, x, x, x, x, x, x, x, x
ch118, x, x, x, x, x, x, x, x, x
ch122, x, x, x, x, x, x, x, x, x
ch126, x, x, x, x, x, x, x, x, x
ch134, 29, 29, 29, 29, 29, 29, 29, 29, 29
ch138, 29, 29, 29, 29, 29, 29, 29, 29, 29
ch142, 29, 29, 29, 29, 29, 29, 29, 29, 29
ch151, 29, 29, 29, 29, 29, 29, 29, 29, 29
ch155, 29, 29, 29, 29, 29, 29, 29, 29, 29
ch159, 29, 29, 29, 29, 29, 29, 29, 29, 29
</ht40>

<vht20, m0, m1, m2, m3, m4, m5, m6, m7, m8, m9>
ch001, 29, 29, 29, 29, 29, 29, 29, 29, 29, 29
ch002, 29, 29, 29, 29, 29, 29, 29, 29, 29, 29
ch003, 29, 29, 29, 29, 29, 29, 29, 29, 29, 29
ch004, 29, 29, 29, 29, 29, 29, 29, 29, 29, 29
ch005, 29, 29, 29, 29, 29, 29, 29, 29, 29, 29
ch006, 29, 29, 29, 29, 29, 29, 29, 29, 29, 29
ch007, 29, 29, 29, 29, 29, 29, 29, 29, 29, 29
ch008, 29, 29, 29, 29, 29, 29, 29, 29, 29, 29
ch009, 29, 29, 29, 29, 29, 29, 29, 29, 29, 29
ch010, 29, 29, 29, 29, 29, 29, 29, 29, 29, 29
ch011, 29, 29, 29, 29, 29, 29, 29, 29, 29, 29
ch012, x, x, x, x, x, x, x, x, x, x
ch013, x, x, x, x, x, x, x, x, x, x
ch014, x, x, x, x, x, x, x, x, x, x
ch036, 19, 19, 19, 19, 19, 19, 19, 19, 19, 19
ch038, 19, 19, 19, 19, 19, 19, 19, 19, 19, 19
ch040, 19, 19, 19, 19, 19, 19, 19, 19, 19, 19
ch042, 19, 19, 19, 19, 19, 19, 19, 19, 19, 19
ch044, 21, 21, 21, 21, 21, 21, 21, 21, 21, 21
ch046, 21, 21, 21, 21, 21, 21, 21, 21, 21, 21
ch048, 21, 21, 21, 21, 21, 21, 21, 21, 21, 21
ch050, x, x, x, x, x, x, x, x, x, x
ch052, 29, 29, 29, 29, 29, 29, 29, 29, 29, 29
ch054, 29, 29, 29, 29, 29, 29, 29, 29, 29, 29
ch056, 29, 29, 29, 29, 29, 29, 29, 29, 29, 29
ch058, 29, 29, 29, 29, 29, 29, 29, 29, 29, 29
ch060, 29, 29, 29, 29, 29, 29, 29, 29, 29, 29
ch062, 29, 29, 29, 29, 29, 29, 29, 29, 29, 29
ch064, 29, 29, 29, 29, 29, 29, 29, 29, 29, 29
ch100, 29, 29, 29, 29, 29, 29, 29, 29, 29, 29
ch102, 29, 29, 29, 29, 29, 29, 29, 29, 29, 29
ch104, 29, 29, 29, 29, 29, 29, 29, 29, 29, 29
ch106, 29, 29, 29, 29, 29, 29, 29, 29, 29, 29
ch108, 29, 29, 29, 29, 29, 29, 29, 29, 29, 29
ch110, 29, 29, 29, 29, 29, 29, 29, 29, 29, 29
ch112, 29, 29, 29, 29, 29, 29, 29, 29, 29, 29
ch114, x, x, x, x, x, x, x, x, x, x
ch116, 29, 29, 29, 29, 29, 29, 29, 29, 29, 29
ch118, x, x, x, x, x, x, x, x, x, x
ch120, x, x, x, x, x, x, x, x, x, x
ch122, x, x, x, x, x, x, x, x, x, x
ch124, x, x, x, x, x, x, x, x, x, x
ch126, x, x, x, x, x, x, x, x, x, x
ch128, x, x, x, x, x, x, x, x, x, x
ch132, 29, 29, 29, 29, 29, 29, 29, 29, 29, 29
ch134, 29, 29, 29, 29, 29, 29, 29, 29, 29, 29
ch136, 29, 29, 29, 29, 29, 29, 29, 29, 29, 29
ch138, 29, 29, 29, 29, 29, 29, 29, 29, 29, 29
ch140, 29, 29, 29, 29, 29, 29, 29, 29, 29, 29
ch142, 29, 29, 29, 29, 29, 29, 29, 29, 29, 29
ch144, 29, 29, 29, 29, 29, 29, 29, 29, 29, 29
ch149, 29, 29, 29, 29, 29, 29, 29, 29, 29, 29
ch151, 29, 29, 29, 29, 29, 29, 29, 29, 29, 29
ch153, 29, 29, 29, 29, 29, 29, 29, 29, 29, 29
ch155, 29, 29, 29, 29, 29, 29, 29, 29, 29, 29
ch157, 29, 29, 29, 29, 29, 29, 29, 29, 29, 29
ch159, 29, 29, 29, 29, 29, 29, 29, 29, 29, 29
ch161, 29, 29, 29, 29, 29, 29, 29, 29, 29, 29
ch165, 29, 29, 29, 29, 29, 29, 29, 29, 29, 29
</vht20>

<vht40, m0, m1, m2, m3, m4, m5, m6, m7, m8, m9>
ch038, 23, 23, 23, 23, 23, 23, 23, 23, 23, 23
ch042, 23, 23, 23, 23, 23, 23, 23, 23, 23, 23
ch046, 25, 25, 25, 25, 25, 25, 25, 25, 25, 25
ch050, x, x, x, x, x, x, x, x, x, x
ch054, 29, 29, 29, 29, 29, 29, 29, 29, 29, 29
ch058, 29, 29, 29, 29, 29, 29, 29, 29, 29, 29
ch062, 29, 29, 29, 29, 29, 29, 29, 29, 29, 29
ch102, 29, 29, 29, 29, 29, 29, 29, 29, 29, 29
ch106, 29, 29, 29, 29, 29, 29, 29, 29, 29, 29
ch110, 29, 29, 29, 29, 29, 29, 29, 29, 29, 29
ch114, x, x, x, x, x, x, x, x, x, x
ch118, x, x, x, x, x, x, x, x, x, x
ch122, x, x, x, x, x, x, x, x, x, x
ch126, x, x, x, x, x, x, x, x, x, x
ch134, 29, 29, 29, 29, 29, 29, 29, 29, 29, 29
ch138, 29, 29, 29, 29, 29, 29, 29, 29, 29, 29
ch142, 29, 29, 29, 29, 29, 29, 29, 29, 29, 29
ch151, 29, 29, 29, 29, 29, 29, 29, 29, 29, 29
ch155, 29, 29, 29, 29, 29, 29, 29, 29, 29, 29
ch159, 29, 29, 29, 29, 29, 29, 29, 29, 29, 29
</vht40>

<vht80, m0, m1, m2, m3, m4, m5, m6, m7, m8, m9> 
ch042, 23, 23, 23, 23, 23, 23, 23, 23, 23, 23
ch050, x, x, x, x, x, x, x, x, x, x
ch058, 22, 22, 22, 22, 22, 22, 22, 22, 22, 22
ch106, 28, 28, 28, 28, 28, 28, 28, 28, 28, 28
ch114, x, x, x, x, x, x, x, x, x, x
ch122, x, x, x, x, x, x, x, x, x, x
ch138, 29, 29, 29, 29, 29, 29, 29, 29, 29, 29
ch155, 29, 29, 29, 29, 29, 29, 29, 29, 29, 29
</vht80>

<ru26, m0, m1, m2, m3, m4, m5, m6, m7, m8, m9, m10, m11>
ch001, 11, 11, 11, 11, 11, 11, 11, 11, 11, 11, 11, 11
ch002, 11, 11, 11, 11, 11, 11, 11, 11, 11, 11, 11, 11
ch003, 11, 11, 11, 11, 11, 11, 11, 11, 11, 11, 11, 11
ch004, 11, 11, 11, 11, 11, 11, 11, 11, 11, 11, 11, 11
ch005, 11, 11, 11, 11, 11, 11, 11, 11, 11, 11, 11, 11
ch006, 11, 11, 11, 11, 11, 11, 11, 11, 11, 11, 11, 11
ch007, 11, 11, 11, 11, 11, 11, 11, 11, 11, 11, 11, 11
ch008, 11, 11, 11, 11, 11, 11, 11, 11, 11, 11, 11, 11
ch009, 11, 11, 11, 11, 11, 11, 11, 11, 11, 11, 11, 11
ch010, 11, 11, 11, 11, 11, 11, 11, 11, 11, 11, 11, 11
ch011, 11, 11, 11, 11, 11, 11, 11, 11, 11, 11, 11, 11
ch012, x, x, x, x, x, x, x, x, x, x, x, x
ch013, x, x, x, x, x, x, x, x, x, x, x, x
ch014, x, x, x, x, x, x, x, x, x, x, x, x
ch036, 2, 2, 2, 2, 2, 2, 2, 2, 2, 2, 2, 2
ch038, 2, 2, 2, 2, 2, 2, 2, 2, 2, 2, 2, 2
ch040, 2, 2, 2, 2, 2, 2, 2, 2, 2, 2, 2, 2
ch042, 2, 2, 2, 2, 2, 2, 2, 2, 2, 2, 2, 2
ch044, 5, 5, 5, 5, 5, 5, 5, 5, 5, 5, 5, 5
ch046, 5, 5, 5, 5, 5, 5, 5, 5, 5, 5, 5, 5
ch048, 2, 2, 2, 2, 2, 2, 2, 2, 2, 2, 2, 2
ch050, x, x, x, x, x, x, x, x, x, x, x, x
ch052, 10, 10, 10, 10, 10, 10, 10, 10, 10, 10, 10, 10
ch054, 10, 10, 10, 10, 10, 10, 10, 10, 10, 10, 10, 10
ch056, 10, 10, 10, 10, 10, 10, 10, 10, 10, 10, 10, 10
ch058, 10, 10, 10, 10, 10, 10, 10, 10, 10, 10, 10, 10
ch060, 14, 14, 14, 14, 14, 14, 14, 14, 14, 14, 14, 14
ch062, 14, 14, 14, 14, 14, 14, 14, 14, 14, 14, 14, 14
ch064, 11, 11, 11, 11, 11, 11, 11, 11, 11, 11, 11, 11
ch100, 12, 12, 12, 12, 12, 12, 12, 12, 12, 12, 12, 12
ch102, 12, 12, 12, 12, 12, 12, 12, 12, 12, 12, 12, 12
ch104, 12, 12, 12, 12, 12, 12, 12, 12, 12, 12, 12, 12
ch106, 12, 12, 12, 12, 12, 12, 12, 12, 12, 12, 12, 12
ch108, 12, 12, 12, 12, 12, 12, 12, 12, 12, 12, 12, 12
ch110, 12, 12, 12, 12, 12, 12, 12, 12, 12, 12, 12, 12
ch112, 13, 13, 13, 13, 13, 13, 13, 13, 13, 13, 13, 13
ch114, x, x, x, x, x, x, x, x, x, x, x, x
ch116, 13, 13, 13, 13, 13, 13, 13, 13, 13, 13, 13, 13
ch118, x, x, x, x, x, x, x, x, x, x, x, x
ch120, x, x, x, x, x, x, x, x, x, x, x, x
ch122, x, x, x, x, x, x, x, x, x, x, x, x
ch124, x, x, x, x, x, x, x, x, x, x, x, x
ch126, x, x, x, x, x, x, x, x, x, x, x, x
ch128, x, x, x, x, x, x, x, x, x, x, x, x
ch132, 11, 11, 11, 11, 11, 11, 11, 11, 11, 11, 11, 11
ch134, 11, 11, 11, 11, 11, 11, 11, 11, 11, 11, 11, 11
ch136, 11, 11, 11, 11, 11, 11, 11, 11, 11, 11, 11, 11
ch138, 11, 11, 11, 11, 11, 11, 11, 11, 11, 11, 11, 11
ch140, 11, 11, 11, 11, 11, 11, 11, 11, 11, 11, 11, 11
ch142, 11, 11, 11, 11, 11, 11, 11, 11, 11, 11, 11, 11
ch144, 11, 11, 11, 11, 11, 11, 11, 11, 11, 11, 11, 11
ch149, 13, 13, 13, 13, 13, 13, 13, 13, 13, 13, 13, 13
ch151, 13, 13, 13, 13, 13, 13, 13, 13, 13, 13, 13, 13
ch153, 13, 13, 13, 13, 13, 13, 13, 13, 13, 13, 13, 13
ch155, 15, 15, 15, 15, 15, 15, 15, 15, 15, 15, 15, 15
ch157, 15, 15, 15, 15, 15, 15, 15, 15, 15, 15, 15, 15
ch159, 14, 14, 14, 14, 14, 14, 14, 14, 14, 14, 14, 14
ch161, 14, 14, 14, 14, 14, 14, 14, 14, 14, 14, 14, 14
ch165, 14, 14, 14, 14, 14, 14, 14, 14, 14, 14, 14, 14
</ru26>

<ru52, m0, m1, m2, m3, m4, m5, m6, m7, m8, m9, m10, m11>
ch001, 20, 20, 20, 20, 20, 20, 20, 20, 20, 20, 20, 20
ch002, 20, 20, 20, 20, 20, 20, 20, 20, 20, 20, 20, 20
ch003, 17, 17, 17, 17, 17, 17, 17, 17, 17, 17, 17, 17
ch004, 17, 17, 17, 17, 17, 17, 17, 17, 17, 17, 17, 17
ch005, 17, 17, 17, 17, 17, 17, 17, 17, 17, 17, 17, 17
ch006, 17, 17, 17, 17, 17, 17, 17, 17, 17, 17, 17, 17
ch007, 17, 17, 17, 17, 17, 17, 17, 17, 17, 17, 17, 17
ch008, 17, 17, 17, 17, 17, 17, 17, 17, 17, 17, 17, 17
ch009, 17, 17, 17, 17, 17, 17, 17, 17, 17, 17, 17, 17
ch010, 17, 17, 17, 17, 17, 17, 17, 17, 17, 17, 17, 17
ch011, 17, 17, 17, 17, 17, 17, 17, 17, 17, 17, 17, 17
ch012, x, x, x, x, x, x, x, x, x, x, x, x
ch013, x, x, x, x, x, x, x, x, x, x, x, x
ch014, x, x, x, x, x, x, x, x, x, x, x, x
ch036, 8, 8, 8, 8, 8, 8, 8, 8, 8, 8, 8, 8
ch038, 8, 8, 8, 8, 8, 8, 8, 8, 8, 8, 8, 8
ch040, 8, 8, 8, 8, 8, 8, 8, 8, 8, 8, 8, 8
ch042, 8, 8, 8, 8, 8, 8, 8, 8, 8, 8, 8, 8
ch044, 9, 9, 9, 9, 9, 9, 9, 9, 9, 9, 9, 9
ch046, 9, 9, 9, 9, 9, 9, 9, 9, 9, 9, 9, 9
ch048, 8, 8, 8, 8, 8, 8, 8, 8, 8, 8, 8, 8
ch050, x, x, x, x, x, x, x, x, x, x, x, x
ch052, 16, 16, 16, 16, 16, 16, 16, 16, 16, 16, 16, 16
ch054, 16, 16, 16, 16, 16, 16, 16, 16, 16, 16, 16, 16
ch056, 16, 16, 16, 16, 16, 16, 16, 16, 16, 16, 16, 16
ch058, 16, 16, 16, 16, 16, 16, 16, 16, 16, 16, 16, 16
ch060, 18, 18, 18, 18, 18, 18, 18, 18, 18, 18, 18, 18
ch062, 18, 18, 18, 18, 18, 18, 18, 18, 18, 18, 18, 18
ch064, 17, 17, 17, 17, 17, 17, 17, 17, 17, 17, 17, 17
ch100, 18, 18, 18, 18, 18, 18, 18, 18, 18, 18, 18, 18
ch102, 18, 18, 18, 18, 18, 18, 18, 18, 18, 18, 18, 18
ch104, 18, 18, 18, 18, 18, 18, 18, 18, 18, 18, 18, 18
ch106, 18, 18, 18, 18, 18, 18, 18, 18, 18, 18, 18, 18
ch108, 18, 18, 18, 18, 18, 18, 18, 18, 18, 18, 18, 18
ch110, 18, 18, 18, 18, 18, 18, 18, 18, 18, 18, 18, 18
ch112, 17, 17, 17, 17, 17, 17, 17, 17, 17, 17, 17, 17
ch114, x, x, x, x, x, x, x, x, x, x, x, x
ch116, 17, 17, 17, 17, 17, 17, 17, 17, 17, 17, 17, 17
ch118, x, x, x, x, x, x, x, x, x, x, x, x
ch120, x, x, x, x, x, x, x, x, x, x, x, x
ch122, x, x, x, x, x, x, x, x, x, x, x, x
ch124, x, x, x, x, x, x, x, x, x, x, x, x
ch126, x, x, x, x, x, x, x, x, x, x, x, x
ch128, x, x, x, x, x, x, x, x, x, x, x, x
ch132, 18, 18, 18, 18, 18, 18, 18, 18, 18, 18, 18, 18
ch134, 18, 18, 18, 18, 18, 18, 18, 18, 18, 18, 18, 18
ch136, 18, 18, 18, 18, 18, 18, 18, 18, 18, 18, 18, 18
ch138, 18, 18, 18, 18, 18, 18, 18, 18, 18, 18, 18, 18
ch140, 18, 18, 18, 18, 18, 18, 18, 18, 18, 18, 18, 18
ch142, 18, 18, 18, 18, 18, 18, 18, 18, 18, 18, 18, 18
ch144, 18, 18, 18, 18, 18, 18, 18, 18, 18, 18, 18, 18
ch149, 21, 21, 21, 21, 21, 21, 21, 21, 21, 21, 21, 21
ch151, 21, 21, 21, 21, 21, 21, 21, 21, 21, 21, 21, 21
ch153, 21, 21, 21, 21, 21, 21, 21, 21, 21, 21, 21, 21
ch155, 21, 21, 21, 21, 21, 21, 21, 21, 21, 21, 21, 21
ch157, 21, 21, 21, 21, 21, 21, 21, 21, 21, 21, 21, 21
ch159, 22, 22, 22, 22, 22, 22, 22, 22, 22, 22, 22, 22
ch161, 22, 22, 22, 22, 22, 22, 22, 22, 22, 22, 22, 22
ch165, 22, 22, 22, 22, 22, 22, 22, 22, 22, 22, 22, 22
</ru52>

<ru106, m0, m1, m2, m3, m4, m5, m6, m7, m8, m9, m10, m11>
ch001, 25, 25, 25, 25, 25, 25, 25, 25, 25, 25, 25, 25
ch002, 25, 25, 25, 25, 25, 25, 25, 25, 25, 25, 25, 25
ch003, 23, 23, 23, 23, 23, 23, 23, 23, 23, 23, 23, 23
ch004, 23, 23, 23, 23, 23, 23, 23, 23, 23, 23, 23, 23
ch005, 23, 23, 23, 23, 23, 23, 23, 23, 23, 23, 23, 23
ch006, 23, 23, 23, 23, 23, 23, 23, 23, 23, 23, 23, 23
ch007, 23, 23, 23, 23, 23, 23, 23, 23, 23, 23, 23, 23
ch008, 23, 23, 23, 23, 23, 23, 23, 23, 23, 23, 23, 23
ch009, 23, 23, 23, 23, 23, 23, 23, 23, 23, 23, 23, 23
ch010, 23, 23, 23, 23, 23, 23, 23, 23, 23, 23, 23, 23
ch011, 23, 23, 23, 23, 23, 23, 23, 23, 23, 23, 23, 23
ch012, x, x, x, x, x, x, x, x, x, x, x, x
ch013, x, x, x, x, x, x, x, x, x, x, x, x
ch014, x, x, x, x, x, x, x, x, x, x, x, x
ch036, 14, 14, 14, 14, 14, 14, 14, 14, 14, 14, 14, 14
ch038, 14, 14, 14, 14, 14, 14, 14, 14, 14, 14, 14, 14
ch040, 14, 14, 14, 14, 14, 14, 14, 14, 14, 14, 14, 14
ch042, 14, 14, 14, 14, 14, 14, 14, 14, 14, 14, 14, 14
ch044, 14, 14, 14, 14, 14, 14, 14, 14, 14, 14, 14, 14
ch046, 14, 14, 14, 14, 14, 14, 14, 14, 14, 14, 14, 14
ch048, 14, 14, 14, 14, 14, 14, 14, 14, 14, 14, 14, 14
ch050, x, x, x, x, x, x, x, x, x, x, x, x
ch052, 21, 21, 21, 21, 21, 21, 21, 21, 21, 21, 21, 21
ch054, 21, 21, 21, 21, 21, 21, 21, 21, 21, 21, 21, 21
ch056, 21, 21, 21, 21, 21, 21, 21, 21, 21, 21, 21, 21
ch058, 21, 21, 21, 21, 21, 21, 21, 21, 21, 21, 21, 21
ch060, 24, 24, 24, 24, 24, 24, 24, 24, 24, 24, 24, 24
ch062, 24, 24, 24, 24, 24, 24, 24, 24, 24, 24, 24, 24
ch064, 23, 23, 23, 23, 23, 23, 23, 23, 23, 23, 23, 23
ch100, 24, 24, 24, 24, 24, 24, 24, 24, 24, 24, 24, 24
ch102, 24, 24, 24, 24, 24, 24, 24, 24, 24, 24, 24, 24
ch104, 24, 24, 24, 24, 24, 24, 24, 24, 24, 24, 24, 24
ch106, 24, 24, 24, 24, 24, 24, 24, 24, 24, 24, 24, 24
ch108, 24, 24, 24, 24, 24, 24, 24, 24, 24, 24, 24, 24
ch110, 24, 24, 24, 24, 24, 24, 24, 24, 24, 24, 24, 24
ch112, 24, 24, 24, 24, 24, 24, 24, 24, 24, 24, 24, 24
ch114, x, x, x, x, x, x, x, x, x, x, x, x
ch116, 24, 24, 24, 24, 24, 24, 24, 24, 24, 24, 24, 24
ch118, x, x, x, x, x, x, x, x, x, x, x, x
ch120, x, x, x, x, x, x, x, x, x, x, x, x
ch122, x, x, x, x, x, x, x, x, x, x, x, x
ch124, x, x, x, x, x, x, x, x, x, x, x, x
ch126, x, x, x, x, x, x, x, x, x, x, x, x
ch128, x, x, x, x, x, x, x, x, x, x, x, x
ch132, 24, 24, 24, 24, 24, 24, 24, 24, 24, 24, 24, 24
ch134, 24, 24, 24, 24, 24, 24, 24, 24, 24, 24, 24, 24
ch136, 24, 24, 24, 24, 24, 24, 24, 24, 24, 24, 24, 24
ch138, 24, 24, 24, 24, 24, 24, 24, 24, 24, 24, 24, 24
ch140, 24, 24, 24, 24, 24, 24, 24, 24, 24, 24, 24, 24
ch142, 24, 24, 24, 24, 24, 24, 24, 24, 24, 24, 24, 24
ch144, 24, 24, 24, 24, 24, 24, 24, 24, 24, 24, 24, 24
ch149, 27, 27, 27, 27, 27, 27, 27, 27, 27, 27, 27, 27
ch151, 27, 27, 27, 27, 27, 27, 27, 27, 27, 27, 27, 27
ch153, 27, 27, 27, 27, 27, 27, 27, 27, 27, 27, 27, 27
ch155, 27, 27, 27, 27, 27, 27, 27, 27, 27, 27, 27, 27
ch157, 27, 27, 27, 27, 27, 27, 27, 27, 27, 27, 27, 27
ch159, 28, 28, 28, 28, 28, 28, 28, 28, 28, 28, 28, 28
ch161, 28, 28, 28, 28, 28, 28, 28, 28, 28, 28, 28, 28
ch165, 28, 28, 28, 28, 28, 28, 28, 28, 28, 28, 28, 28
</ru106>

<ru242, m0, m1, m2, m3, m4, m5, m6, m7, m8, m9, m10, m11>
ch001, 27, 27, 27, 27, 27, 27, 27, 27, 27, 27, 27, 27
ch002, 27, 27, 27, 27, 27, 27, 27, 27, 27, 27, 27, 27
ch003, 27, 27, 27, 27, 27, 27, 27, 27, 27, 27, 27, 27
ch004, 27, 27, 27, 27, 27, 27, 27, 27, 27, 27, 27, 27
ch005, 27, 27, 27, 27, 27, 27, 27, 27, 27, 27, 27, 27
ch006, 27, 27, 27, 27, 27, 27, 27, 27, 27, 27, 27, 27
ch007, 27, 27, 27, 27, 27, 27, 27, 27, 27, 27, 27, 27
ch008, 27, 27, 27, 27, 27, 27, 27, 27, 27, 27, 27, 27
ch009, 27, 27, 27, 27, 27, 27, 27, 27, 27, 27, 27, 27
ch010, 27, 27, 27, 27, 27, 27, 27, 27, 27, 27, 27, 27
ch011, 27, 27, 27, 27, 27, 27, 27, 27, 27, 27, 27, 27
ch012, x, x, x, x, x, x, x, x, x, x, x, x
ch013, x, x, x, x, x, x, x, x, x, x, x, x
ch014, x, x, x, x, x, x, x, x, x, x, x, x
ch036, 18, 18, 18, 18, 18, 18, 18, 18, 18, 18, 18, 18
ch038, 21, 21, 21, 21, 21, 21, 21, 21, 21, 21, 21, 21
ch040, 18, 18, 18, 18, 18, 18, 18, 18, 18, 18, 18, 18
ch042, 21, 21, 21, 21, 21, 21, 21, 21, 21, 21, 21, 21
ch044, 20, 20, 20, 20, 20, 20, 20, 20, 20, 20, 20, 20
ch046, 21, 21, 21, 21, 21, 21, 21, 21, 21, 21, 21, 21
ch048, 20, 20, 20, 20, 20, 20, 20, 20, 20, 20, 20, 20
ch050, x, x, x, x, x, x, x, x, x, x, x, x
ch052, 29, 29, 29, 29, 29, 29, 29, 29, 29, 29, 29, 29
ch054, 28, 28, 28, 28, 28, 28, 28, 28, 28, 28, 28, 28
ch056, 29, 29, 29, 29, 29, 29, 29, 29, 29, 29, 29, 29
ch058, 26, 26, 26, 26, 26, 26, 26, 26, 26, 26, 26, 26
ch060, 29, 29, 29, 29, 29, 29, 29, 29, 29, 29, 29, 29
ch062, 26, 26, 26, 26, 26, 26, 26, 26, 26, 26, 26, 26
ch064, 28, 28, 28, 28, 28, 28, 28, 28, 28, 28, 28, 28
ch100, 29, 29, 29, 29, 29, 29, 29, 29, 29, 29, 29, 29
ch102, 27, 27, 27, 27, 27, 27, 27, 27, 27, 27, 27, 27
ch104, 28, 28, 28, 28, 28, 28, 28, 28, 28, 28, 28, 28
ch106, 27, 27, 27, 27, 27, 27, 27, 27, 27, 27, 27, 27
ch108, 28, 28, 28, 28, 28, 28, 28, 28, 28, 28, 28, 28
ch110, 28, 28, 28, 28, 28, 28, 28, 28, 28, 28, 28, 28
ch112, 29, 29, 29, 29, 29, 29, 29, 29, 29, 29, 29, 29
ch114, x, x, x, x, x, x, x, x, x, x, x, x
ch116, 29, 29, 29, 29, 29, 29, 29, 29, 29, 29, 29, 29
ch118, x, x, x, x, x, x, x, x, x, x, x, x
ch120, x, x, x, x, x, x, x, x, x, x, x, x
ch122, x, x, x, x, x, x, x, x, x, x, x, x
ch124, x, x, x, x, x, x, x, x, x, x, x, x
ch126, x, x, x, x, x, x, x, x, x, x, x, x
ch128, x, x, x, x, x, x, x, x, x, x, x, x
ch132, 28, 28, 28, 28, 28, 28, 28, 28, 28, 28, 28, 28
ch134, 27, 27, 27, 27, 27, 27, 27, 27, 27, 27, 27, 27
ch136, 29, 29, 29, 29, 29, 29, 29, 29, 29, 29, 29, 29
ch138, 27, 27, 27, 27, 27, 27, 27, 27, 27, 27, 27, 27
ch140, 29, 29, 29, 29, 29, 29, 29, 29, 29, 29, 29, 29
ch142, 27, 27, 27, 27, 27, 27, 27, 27, 27, 27, 27, 27
ch144, 29, 29, 29, 29, 29, 29, 29, 29, 29, 29, 29, 29
ch149, 29, 29, 29, 29, 29, 29, 29, 29, 29, 29, 29, 29
ch151, 28, 28, 28, 28, 28, 28, 28, 28, 28, 28, 28, 28
ch153, 29, 29, 29, 29, 29, 29, 29, 29, 29, 29, 29, 29
ch155, 25, 25, 25, 25, 25, 25, 25, 25, 25, 25, 25, 25
ch157, 29, 29, 29, 29, 29, 29, 29, 29, 29, 29, 29, 29
ch159, 25, 25, 25, 25, 25, 25, 25, 25, 25, 25, 25, 25
ch161, 29, 29, 29, 29, 29, 29, 29, 29, 29, 29, 29, 29
ch165, 29, 29, 29, 29, 29, 29, 29, 29, 29, 29, 29, 29
</ru242>

<ru484, m0, m1, m2, m3, m4, m5, m6, m7, m8, m9, m10, m11>
ch038, 22, 22, 22, 22, 22, 22, 22, 22, 22, 22, 22, 22
ch042, 21, 21, 21, 21, 21, 21, 21, 21, 21, 21, 21, 21
ch046, 24, 24, 24, 24, 24, 24, 24, 24, 24, 24, 24, 24
ch050, x, x, x, x, x, x, x, x, x, x, x, x
ch054, 29, 29, 29, 29, 29, 29, 29, 29, 29, 29, 29, 29
ch058, 19, 19, 19, 19, 19, 19, 19, 19, 19, 19, 19, 19
ch062, 28, 28, 28, 28, 28, 28, 28, 28, 28, 28, 28, 28
ch102, 29, 29, 29, 29, 29, 29, 29, 29, 29, 29, 29, 29
ch106, 26, 26, 26, 26, 26, 26, 26, 26, 26, 26, 26, 26
ch110, 29, 29, 29, 29, 29, 29, 29, 29, 29, 29, 29, 29
ch114, x, x, x, x, x, x, x, x, x, x, x, x
ch118, x, x, x, x, x, x, x, x, x, x, x, x
ch122, x, x, x, x, x, x, x, x, x, x, x, x
ch126, x, x, x, x, x, x, x, x, x, x, x, x
ch134, 29, 29, 29, 29, 29, 29, 29, 29, 29, 29, 29, 29
ch138, 27, 27, 27, 27, 27, 27, 27, 27, 27, 27, 27, 27
ch142, 29, 29, 29, 29, 29, 29, 29, 29, 29, 29, 29, 29
ch151, 29, 29, 29, 29, 29, 29, 29, 29, 29, 29, 29, 29
ch155, 24, 24, 24, 24, 24, 24, 24, 24, 24, 24, 24, 24
ch159, 29, 29, 29, 29, 29, 29, 29, 29, 29, 29, 29, 29
</ru484>

<ru996, m0, m1, m2, m3, m4, m5, m6, m7, m8, m9, m10, m11> 
ch042, 23, 23, 23, 23, 23, 23, 23, 23, 23, 23, 23, 23
ch050, x, x, x, x, x, x, x, x, x, x, x, x
ch058, 21, 21, 21, 21, 21, 21, 21, 21, 21, 21, 21, 21
ch106, 27, 27, 27, 27, 27, 27, 27, 27, 27, 27, 27, 27
ch114, x, x, x, x, x, x, x, x, x, x, x, x
ch122, x, x, x, x, x, x, x, x, x, x, x, x
ch138, 29, 29, 29, 29, 29, 29, 29, 29, 29, 29, 29, 29
ch155, 29, 29, 29, 29, 29, 29, 29, 29, 29, 29, 29, 29
</ru996>

[GB]
<cck,  c1, c2, c5, c11>
ch001, 22, 22, 22, 22
ch002, 22, 22, 22, 22
ch003, 22, 22, 22, 22
ch004, 22, 22, 22, 22
ch005, 22, 22, 22, 22
ch006, 22, 22, 22, 22
ch007, 22, 22, 22, 22
ch008, 22, 22, 22, 22
ch009, 22, 22, 22, 22
ch010, 22, 22, 22, 22
ch011, 22, 22, 22, 22
ch012, 22, 22, 22, 22
ch013, 22, 22, 22, 22
ch014, x, x, x, x
</cck>

<ofdm, o6, o9, o12, o18, o24, o36, o48, o54>
ch001, 26, 26, 26, 26, 26, 26, 26, 26
ch002, 26, 26, 26, 26, 26, 26, 26, 26
ch003, 26, 26, 26, 26, 26, 26, 26, 26
ch004, 26, 26, 26, 26, 26, 26, 26, 26
ch005, 26, 26, 26, 26, 26, 26, 26, 26
ch006, 26, 26, 26, 26, 26, 26, 26, 26
ch007, 26, 26, 26, 26, 26, 26, 26, 26
ch008, 26, 26, 26, 26, 26, 26, 26, 26
ch009, 26, 26, 26, 26, 26, 26, 26, 26
ch010, 26, 26, 26, 26, 26, 26, 26, 26
ch011, 26, 26, 26, 26, 26, 26, 26, 26
ch012, 26, 26, 26, 26, 26, 26, 26, 26
ch013, 26, 26, 26, 26, 26, 26, 26, 26
ch014, x, x, x, x, x, x, x, x
ch036, 25, 25, 25, 25, 25, 25, 25, 25
ch038, 25, 25, 25, 25, 25, 25, 25, 25
ch040, 25, 25, 25, 25, 25, 25, 25, 25
ch042, 25, 25, 25, 25, 25, 25, 25, 25
ch044, 25, 25, 25, 25, 25, 25, 25, 25
ch046, 25, 25, 25, 25, 25, 25, 25, 25
ch048, 25, 25, 25, 25, 25, 25, 25, 25
ch050, x, x, x, x, x, x, x, x
ch052, 21, 21, 21, 21, 21, 21, 21, 21
ch054, 21, 21, 21, 21, 21, 21, 21, 21
ch056, 21, 21, 21, 21, 21, 21, 21, 21
ch058, 21, 21, 21, 21, 21, 21, 21, 21
ch060, 21, 21, 21, 21, 21, 21, 21, 21
ch062, 21, 21, 21, 21, 21, 21, 21, 21
ch064, 21, 21, 21, 21, 21, 21, 21, 21
ch100, 17, 17, 17, 17, 17, 17, 17, 17
ch102, 17, 17, 17, 17, 17, 17, 17, 17
ch104, 17, 17, 17, 17, 17, 17, 17, 17
ch106, 17, 17, 17, 17, 17, 17, 17, 17
ch108, 17, 17, 17, 17, 17, 17, 17, 17
ch110, 17, 17, 17, 17, 17, 17, 17, 17
ch112, 17, 17, 17, 17, 17, 17, 17, 17
ch114, x, x, x, x, x, x, x, x
ch116, 17, 17, 17, 17, 17, 17, 17, 17
ch118, 17, 17, 17, 17, 17, 17, 17, 17
ch120, 17, 17, 17, 17, 17, 17, 17, 17
ch122, 17, 17, 17, 17, 17, 17, 17, 17
ch124, 17, 17, 17, 17, 17, 17, 17, 17
ch126, 17, 17, 17, 17, 17, 17, 17, 17
ch128, 17, 17, 17, 17, 17, 17, 17, 17
ch132, 19, 19, 19, 19, 19, 19, 19, 19
ch134, 19, 19, 19, 19, 19, 19, 19, 19
ch136, 19, 19, 19, 19, 19, 19, 19, 19
ch138, 19, 19, 19, 19, 19, 19, 19, 19
ch140, 19, 19, 19, 19, 19, 19, 19, 19
ch142, 17, 17, 17, 17, 17, 17, 17, 17
ch144, 17, 17, 17, 17, 17, 17, 17, 17
ch149, 25, 25, 25, 25, 25, 25, 25, 25
ch151, 25, 25, 25, 25, 25, 25, 25, 25
ch153, 25, 25, 25, 25, 25, 25, 25, 25
ch155, 25, 25, 25, 25, 25, 25, 25, 25
ch157, 25, 25, 25, 25, 25, 25, 25, 25
ch159, 25, 25, 25, 25, 25, 25, 25, 25
ch161, 25, 25, 25, 25, 25, 25, 25, 25
ch165, 25, 25, 25, 25, 25, 25, 25, 25
</ofdm>

<ht20, m0, m1, m2, m3, m4, m5, m6, m7>
ch001, 26, 26, 26, 26, 26, 26, 26, 26
ch002, 26, 26, 26, 26, 26, 26, 26, 26
ch003, 26, 26, 26, 26, 26, 26, 26, 26
ch004, 26, 26, 26, 26, 26, 26, 26, 26
ch005, 26, 26, 26, 26, 26, 26, 26, 26
ch006, 26, 26, 26, 26, 26, 26, 26, 26
ch007, 26, 26, 26, 26, 26, 26, 26, 26
ch008, 26, 26, 26, 26, 26, 26, 26, 26
ch009, 26, 26, 26, 26, 26, 26, 26, 26
ch010, 26, 26, 26, 26, 26, 26, 26, 26
ch011, 26, 26, 26, 26, 26, 26, 26, 26
ch012, 26, 26, 26, 26, 26, 26, 26, 26
ch013, 26, 26, 26, 26, 26, 26, 26, 26
ch014, x, x, x, x, x, x, x, x
ch036, 26, 26, 26, 26, 26, 26, 26, 26
ch038, 26, 26, 26, 26, 26, 26, 26, 26
ch040, 26, 26, 26, 26, 26, 26, 26, 26
ch042, 26, 26, 26, 26, 26, 26, 26, 26
ch044, 26, 26, 26, 26, 26, 26, 26, 26
ch046, 26, 26, 26, 26, 26, 26, 26, 26
ch048, 26, 26, 26, 26, 26, 26, 26, 26
ch050, x, x, x, x, x, x, x, x
ch052, 22, 22, 22, 22, 22, 22, 22, 22
ch054, 22, 22, 22, 22, 22, 22, 22, 22
ch056, 22, 22, 22, 22, 22, 22, 22, 22
ch058, 22, 22, 22, 22, 22, 22, 22, 22
ch060, 22, 22, 22, 22, 22, 22, 22, 22
ch062, 22, 22, 22, 22, 22, 22, 22, 22
ch064, 22, 22, 22, 22, 22, 22, 22, 22
ch100, 19, 19, 19, 19, 19, 19, 19, 19
ch102, 19, 19, 19, 19, 19, 19, 19, 19
ch104, 19, 19, 19, 19, 19, 19, 19, 19
ch106, 19, 19, 19, 19, 19, 19, 19, 19
ch108, 19, 19, 19, 19, 19, 19, 19, 19
ch110, 19, 19, 19, 19, 19, 19, 19, 19
ch112, 19, 19, 19, 19, 19, 19, 19, 19
ch114, x, x, x, x, x, x, x, x
ch116, 19, 19, 19, 19, 19, 19, 19, 19
ch118, 19, 19, 19, 19, 19, 19, 19, 19
ch120, 19, 19, 19, 19, 19, 19, 19, 19
ch122, 19, 19, 19, 19, 19, 19, 19, 19
ch124, 19, 19, 19, 19, 19, 19, 19, 19
ch126, 19, 19, 19, 19, 19, 19, 19, 19
ch128, 19, 19, 19, 19, 19, 19, 19, 19
ch132, 20, 20, 20, 20, 20, 20, 20, 20
ch134, 20, 20, 20, 20, 20, 20, 20, 20
ch136, 20, 20, 20, 20, 20, 20, 20, 20
ch138, 20, 20, 20, 20, 20, 20, 20, 20
ch140, 20, 20, 20, 20, 20, 20, 20, 20
ch142, 20, 20, 20, 20, 20, 20, 20, 20
ch144, 20, 20, 20, 20, 20, 20, 20, 20
ch149, 25, 25, 25, 25, 25, 25, 25, 25
ch151, 25, 25, 25, 25, 25, 25, 25, 25
ch153, 25, 25, 25, 25, 25, 25, 25, 25
ch155, 25, 25, 25, 25, 25, 25, 25, 25
ch157, 25, 25, 25, 25, 25, 25, 25, 25
ch159, 25, 25, 25, 25, 25, 25, 25, 25
ch161, 26, 26, 26, 26, 26, 26, 26, 26
ch165, 26, 26, 26, 26, 26, 26, 26, 26
</ht20>

<ht40, m0, m1, m2, m3, m4, m5, m6, m7, m32> 
ch038, 28, 28, 28, 28, 28, 28, 28, 28, 28
ch042, 28, 28, 28, 28, 28, 28, 28, 28, 28
ch046, 28, 28, 28, 28, 28, 28, 28, 28, 28
ch050, x, x, x, x, x, x, x, x, x
ch054, 24, 24, 24, 24, 24, 24, 24, 24, 24
ch058, 24, 24, 24, 24, 24, 24, 24, 24, 24
ch062, 24, 24, 24, 24, 24, 24, 24, 24, 24
ch102, 21, 21, 21, 21, 21, 21, 21, 21, 21
ch106, 21, 21, 21, 21, 21, 21, 21, 21, 21
ch110, 21, 21, 21, 21, 21, 21, 21, 21, 21
ch114, x, x, x, x, x, x, x, x, x
ch118, 21, 21, 21, 21, 21, 21, 21, 21, 21
ch122, 22, 22, 22, 22, 22, 22, 22, 22, 22
ch126, 22, 22, 22, 22, 22, 22, 22, 22, 22
ch134, 22, 22, 22, 22, 22, 22, 22, 22, 22
ch138, 22, 22, 22, 22, 22, 22, 22, 22, 22
ch142, 23, 23, 23, 23, 23, 23, 23, 23, 23
ch151, 27, 27, 27, 27, 27, 27, 27, 27, 27
ch155, 27, 27, 27, 27, 27, 27, 27, 27, 27
ch159, 27, 27, 27, 27, 27, 27, 27, 27, 27
</ht40>

<vht20, m0, m1, m2, m3, m4, m5, m6, m7, m8, m9>
ch001, 26, 26, 26, 26, 26, 26, 26, 26, 26, 26
ch002, 26, 26, 26, 26, 26, 26, 26, 26, 26, 26
ch003, 26, 26, 26, 26, 26, 26, 26, 26, 26, 26
ch004, 26, 26, 26, 26, 26, 26, 26, 26, 26, 26
ch005, 26, 26, 26, 26, 26, 26, 26, 26, 26, 26
ch006, 26, 26, 26, 26, 26, 26, 26, 26, 26, 26
ch007, 26, 26, 26, 26, 26, 26, 26, 26, 26, 26
ch008, 26, 26, 26, 26, 26, 26, 26, 26, 26, 26
ch009, 26, 26, 26, 26, 26, 26, 26, 26, 26, 26
ch010, 26, 26, 26, 26, 26, 26, 26, 26, 26, 26
ch011, 26, 26, 26, 26, 26, 26, 26, 26, 26, 26
ch012, 26, 26, 26, 26, 26, 26, 26, 26, 26, 26
ch013, 26, 26, 26, 26, 26, 26, 26, 26, 26, 26
ch014, x, x, x, x, x, x, x, x, x, x
ch036, 26, 26, 26, 26, 26, 26, 26, 26, 26, 26
ch038, 26, 26, 26, 26, 26, 26, 26, 26, 26, 26
ch040, 26, 26, 26, 26, 26, 26, 26, 26, 26, 26
ch042, 26, 26, 26, 26, 26, 26, 26, 26, 26, 26
ch044, 26, 26, 26, 26, 26, 26, 26, 26, 26, 26
ch046, 26, 26, 26, 26, 26, 26, 26, 26, 26, 26
ch048, 26, 26, 26, 26, 26, 26, 26, 26, 26, 26
ch050, x, x, x, x, x, x, x, x, x, x
ch052, 22, 22, 22, 22, 22, 22, 22, 22, 22, 22
ch054, 22, 22, 22, 22, 22, 22, 22, 22, 22, 22
ch056, 22, 22, 22, 22, 22, 22, 22, 22, 22, 22
ch058, 22, 22, 22, 22, 22, 22, 22, 22, 22, 22
ch060, 22, 22, 22, 22, 22, 22, 22, 22, 22, 22
ch062, 22, 22, 22, 22, 22, 22, 22, 22, 22, 22
ch064, 22, 22, 22, 22, 22, 22, 22, 22, 22, 22
ch100, 19, 19, 19, 19, 19, 19, 19, 19, 19, 19
ch102, 19, 19, 19, 19, 19, 19, 19, 19, 19, 19
ch104, 19, 19, 19, 19, 19, 19, 19, 19, 19, 19
ch106, 19, 19, 19, 19, 19, 19, 19, 19, 19, 19
ch108, 19, 19, 19, 19, 19, 19, 19, 19, 19, 19
ch110, 19, 19, 19, 19, 19, 19, 19, 19, 19, 19
ch112, 19, 19, 19, 19, 19, 19, 19, 19, 19, 19
ch114, x, x, x, x, x, x, x, x, x, x
ch116, 19, 19, 19, 19, 19, 19, 19, 19, 19, 19
ch118, 19, 19, 19, 19, 19, 19, 19, 19, 19, 19
ch120, 19, 19, 19, 19, 19, 19, 19, 19, 19, 19
ch122, 19, 19, 19, 19, 19, 19, 19, 19, 19, 19
ch124, 19, 19, 19, 19, 19, 19, 19, 19, 19, 19
ch126, 19, 19, 19, 19, 19, 19, 19, 19, 19, 19
ch128, 19, 19, 19, 19, 19, 19, 19, 19, 19, 19
ch132, 20, 20, 20, 20, 20, 20, 20, 20, 20, 20
ch134, 20, 20, 20, 20, 20, 20, 20, 20, 20, 20
ch136, 20, 20, 20, 20, 20, 20, 20, 20, 20, 20
ch138, 20, 20, 20, 20, 20, 20, 20, 20, 20, 20
ch140, 20, 20, 20, 20, 20, 20, 20, 20, 20, 20
ch142, 20, 20, 20, 20, 20, 20, 20, 20, 20, 20
ch144, 20, 20, 20, 20, 20, 20, 20, 20, 20, 20
ch149, 25, 25, 25, 25, 25, 25, 25, 25, 25, 25
ch151, 25, 25, 25, 25, 25, 25, 25, 25, 25, 25
ch153, 25, 25, 25, 25, 25, 25, 25, 25, 25, 25
ch155, 25, 25, 25, 25, 25, 25, 25, 25, 25, 25
ch157, 25, 25, 25, 25, 25, 25, 25, 25, 25, 25
ch159, 25, 25, 25, 25, 25, 25, 25, 25, 25, 25
ch161, 26, 26, 26, 26, 26, 26, 26, 26, 26, 26
ch165, 26, 26, 26, 26, 26, 26, 26, 26, 26, 26
</vht20>

<vht40, m0, m1, m2, m3, m4, m5, m6, m7, m8, m9>
ch038, 28, 28, 28, 28, 28, 28, 28, 28, 28, 28
ch042, 28, 28, 28, 28, 28, 28, 28, 28, 28, 28
ch046, 28, 28, 28, 28, 28, 28, 28, 28, 28, 28
ch050, x, x, x, x, x, x, x, x, x, x
ch054, 24, 24, 24, 24, 24, 24, 24, 24, 24, 24
ch058, 24, 24, 24, 24, 24, 24, 24, 24, 24, 24
ch062, 24, 24, 24, 24, 24, 24, 24, 24, 24, 24
ch102, 21, 21, 21, 21, 21, 21, 21, 21, 21, 21
ch106, 21, 21, 21, 21, 21, 21, 21, 21, 21, 21
ch110, 21, 21, 21, 21, 21, 21, 21, 21, 21, 21
ch114, x, x, x, x, x, x, x, x, x, x
ch118, 21, 21, 21, 21, 21, 21, 21, 21, 21, 21
ch122, 22, 22, 22, 22, 22, 22, 22, 22, 22, 22
ch126, 22, 22, 22, 22, 22, 22, 22, 22, 22, 22
ch134, 22, 22, 22, 22, 22, 22, 22, 22, 22, 22
ch138, 22, 22, 22, 22, 22, 22, 22, 22, 22, 22
ch142, 23, 23, 23, 23, 23, 23, 23, 23, 23, 23
ch151, 27, 27, 27, 27, 27, 27, 27, 27, 27, 27
ch155, 27, 27, 27, 27, 27, 27, 27, 27, 27, 27
ch159, 27, 27, 27, 27, 27, 27, 27, 27, 27, 27
</vht40>

<vht80, m0, m1, m2, m3, m4, m5, m6, m7, m8, m9> 
ch042, 28, 28, 28, 28, 28, 28, 28, 28, 28, 28
ch050, x, x, x, x, x, x, x, x, x, x
ch058, 23, 23, 23, 23, 23, 23, 23, 23, 23, 23
ch106, 22, 22, 22, 22, 22, 22, 22, 22, 22, 22
ch114, x, x, x, x, x, x, x, x, x, x
ch122, 22, 22, 22, 22, 22, 22, 22, 22, 22, 22
ch138, 24, 24, 24, 24, 24, 24, 24, 24, 24, 24
ch155, 27, 27, 27, 27, 27, 27, 27, 27, 27, 27
</vht80>

<ru26, m0, m1, m2, m3, m4, m5, m6, m7, m8, m9, m10, m11>
ch001, 10, 10, 10, 10, 10, 10, 10, 10, 10, 10, 10, 10
ch002, 10, 10, 10, 10, 10, 10, 10, 10, 10, 10, 10, 10
ch003, 9, 9, 9, 9, 9, 9, 9, 9, 9, 9, 9, 9
ch004, 9, 9, 9, 9, 9, 9, 9, 9, 9, 9, 9, 9
ch005, 9, 9, 9, 9, 9, 9, 9, 9, 9, 9, 9, 9
ch006, 9, 9, 9, 9, 9, 9, 9, 9, 9, 9, 9, 9
ch007, 9, 9, 9, 9, 9, 9, 9, 9, 9, 9, 9, 9
ch008, 9, 9, 9, 9, 9, 9, 9, 9, 9, 9, 9, 9
ch009, 9, 9, 9, 9, 9, 9, 9, 9, 9, 9, 9, 9
ch010, 9, 9, 9, 9, 9, 9, 9, 9, 9, 9, 9, 9
ch011, 9, 9, 9, 9, 9, 9, 9, 9, 9, 9, 9, 9
ch012, 9, 9, 9, 9, 9, 9, 9, 9, 9, 9, 9, 9
ch013, 9, 9, 9, 9, 9, 9, 9, 9, 9, 9, 9, 9
ch014, x, x, x, x, x, x, x, x, x, x, x, x
ch036, 12, 12, 12, 12, 12, 12, 12, 12, 12, 12, 12, 12
ch038, 12, 12, 12, 12, 12, 12, 12, 12, 12, 12, 12, 12
ch040, 12, 12, 12, 12, 12, 12, 12, 12, 12, 12, 12, 12
ch042, 12, 12, 12, 12, 12, 12, 12, 12, 12, 12, 12, 12
ch044, 12, 12, 12, 12, 12, 12, 12, 12, 12, 12, 12, 12
ch046, 12, 12, 12, 12, 12, 12, 12, 12, 12, 12, 12, 12
ch048, 12, 12, 12, 12, 12, 12, 12, 12, 12, 12, 12, 12
ch050, x, x, x, x, x, x, x, x, x, x, x, x
ch052, 5, 5, 5, 5, 5, 5, 5, 5, 5, 5, 5, 5
ch054, 5, 5, 5, 5, 5, 5, 5, 5, 5, 5, 5, 5
ch056, 5, 5, 5, 5, 5, 5, 5, 5, 5, 5, 5, 5
ch058, 5, 5, 5, 5, 5, 5, 5, 5, 5, 5, 5, 5
ch060, 5, 5, 5, 5, 5, 5, 5, 5, 5, 5, 5, 5
ch062, 5, 5, 5, 5, 5, 5, 5, 5, 5, 5, 5, 5
ch064, 5, 5, 5, 5, 5, 5, 5, 5, 5, 5, 5, 5
ch100, 5, 5, 5, 5, 5, 5, 5, 5, 5, 5, 5, 5
ch102, 5, 5, 5, 5, 5, 5, 5, 5, 5, 5, 5, 5
ch104, 5, 5, 5, 5, 5, 5, 5, 5, 5, 5, 5, 5
ch106, 5, 5, 5, 5, 5, 5, 5, 5, 5, 5, 5, 5
ch108, 5, 5, 5, 5, 5, 5, 5, 5, 5, 5, 5, 5
ch110, 5, 5, 5, 5, 5, 5, 5, 5, 5, 5, 5, 5
ch112, 5, 5, 5, 5, 5, 5, 5, 5, 5, 5, 5, 5
ch114, x, x, x, x, x, x, x, x, x, x, x, x
ch116, 5, 5, 5, 5, 5, 5, 5, 5, 5, 5, 5, 5
ch118, 5, 5, 5, 5, 5, 5, 5, 5, 5, 5, 5, 5
ch120, 5, 5, 5, 5, 5, 5, 5, 5, 5, 5, 5, 5
ch122, 5, 5, 5, 5, 5, 5, 5, 5, 5, 5, 5, 5
ch124, 5, 5, 5, 5, 5, 5, 5, 5, 5, 5, 5, 5
ch126, 5, 5, 5, 5, 5, 5, 5, 5, 5, 5, 5, 5
ch128, 5, 5, 5, 5, 5, 5, 5, 5, 5, 5, 5, 5
ch132, 6, 6, 6, 6, 6, 6, 6, 6, 6, 6, 6, 6
ch134, 6, 6, 6, 6, 6, 6, 6, 6, 6, 6, 6, 6
ch136, 6, 6, 6, 6, 6, 6, 6, 6, 6, 6, 6, 6
ch138, 6, 6, 6, 6, 6, 6, 6, 6, 6, 6, 6, 6
ch140, 6, 6, 6, 6, 6, 6, 6, 6, 6, 6, 6, 6
ch142, 5, 5, 5, 5, 5, 5, 5, 5, 5, 5, 5, 5
ch144, 5, 5, 5, 5, 5, 5, 5, 5, 5, 5, 5, 5
ch149, 9, 9, 9, 9, 9, 9, 9, 9, 9, 9, 9, 9
ch151, 9, 9, 9, 9, 9, 9, 9, 9, 9, 9, 9, 9
ch153, 9, 9, 9, 9, 9, 9, 9, 9, 9, 9, 9, 9
ch155, 9, 9, 9, 9, 9, 9, 9, 9, 9, 9, 9, 9
ch157, 10, 10, 10, 10, 10, 10, 10, 10, 10, 10, 10, 10
ch159, 10, 10, 10, 10, 10, 10, 10, 10, 10, 10, 10, 10
ch161, 10, 10, 10, 10, 10, 10, 10, 10, 10, 10, 10, 10
ch165, 10, 10, 10, 10, 10, 10, 10, 10, 10, 10, 10, 10
</ru26>

<ru52, m0, m1, m2, m3, m4, m5, m6, m7, m8, m9, m10, m11>
ch001, 15, 15, 15, 15, 15, 15, 15, 15, 15, 15, 15, 15
ch002, 15, 15, 15, 15, 15, 15, 15, 15, 15, 15, 15, 15
ch003, 14, 14, 14, 14, 14, 14, 14, 14, 14, 14, 14, 14
ch004, 14, 14, 14, 14, 14, 14, 14, 14, 14, 14, 14, 14
ch005, 14, 14, 14, 14, 14, 14, 14, 14, 14, 14, 14, 14
ch006, 14, 14, 14, 14, 14, 14, 14, 14, 14, 14, 14, 14
ch007, 14, 14, 14, 14, 14, 14, 14, 14, 14, 14, 14, 14
ch008, 14, 14, 14, 14, 14, 14, 14, 14, 14, 14, 14, 14
ch009, 14, 14, 14, 14, 14, 14, 14, 14, 14, 14, 14, 14
ch010, 14, 14, 14, 14, 14, 14, 14, 14, 14, 14, 14, 14
ch011, 14, 14, 14, 14, 14, 14, 14, 14, 14, 14, 14, 14
ch012, 14, 14, 14, 14, 14, 14, 14, 14, 14, 14, 14, 14
ch013, 14, 14, 14, 14, 14, 14, 14, 14, 14, 14, 14, 14
ch014, x, x, x, x, x, x, x, x, x, x, x, x
ch036, 17, 17, 17, 17, 17, 17, 17, 17, 17, 17, 17, 17
ch038, 17, 17, 17, 17, 17, 17, 17, 17, 17, 17, 17, 17
ch040, 17, 17, 17, 17, 17, 17, 17, 17, 17, 17, 17, 17
ch042, 17, 17, 17, 17, 17, 17, 17, 17, 17, 17, 17, 17
ch044, 17, 17, 17, 17, 17, 17, 17, 17, 17, 17, 17, 17
ch046, 17, 17, 17, 17, 17, 17, 17, 17, 17, 17, 17, 17
ch048, 17, 17, 17, 17, 17, 17, 17, 17, 17, 17, 17, 17
ch050, x, x, x, x, x, x, x, x, x, x, x, x
ch052, 11, 11, 11, 11, 11, 11, 11, 11, 11, 11, 11, 11
ch054, 11, 11, 11, 11, 11, 11, 11, 11, 11, 11, 11, 11
ch056, 11, 11, 11, 11, 11, 11, 11, 11, 11, 11, 11, 11
ch058, 11, 11, 11, 11, 11, 11, 11, 11, 11, 11, 11, 11
ch060, 11, 11, 11, 11, 11, 11, 11, 11, 11, 11, 11, 11
ch062, 11, 11, 11, 11, 11, 11, 11, 11, 11, 11, 11, 11
ch064, 11, 11, 11, 11, 11, 11, 11, 11, 11, 11, 11, 11
ch100, 10, 10, 10, 10, 10, 10, 10, 10, 10, 10, 10, 10
ch102, 10, 10, 10, 10, 10, 10, 10, 10, 10, 10, 10, 10
ch104, 10, 10, 10, 10, 10, 10, 10, 10, 10, 10, 10, 10
ch106, 10, 10, 10, 10, 10, 10, 10, 10, 10, 10, 10, 10
ch108, 10, 10, 10, 10, 10, 10, 10, 10, 10, 10, 10, 10
ch110, 10, 10, 10, 10, 10, 10, 10, 10, 10, 10, 10, 10
ch112, 10, 10, 10, 10, 10, 10, 10, 10, 10, 10, 10, 10
ch114, x, x, x, x, x, x, x, x, x, x, x, x
ch116, 10, 10, 10, 10, 10, 10, 10, 10, 10, 10, 10, 10
ch118, 10, 10, 10, 10, 10, 10, 10, 10, 10, 10, 10, 10
ch120, 10, 10, 10, 10, 10, 10, 10, 10, 10, 10, 10, 10
ch122, 10, 10, 10, 10, 10, 10, 10, 10, 10, 10, 10, 10
ch124, 10, 10, 10, 10, 10, 10, 10, 10, 10, 10, 10, 10
ch126, 10, 10, 10, 10, 10, 10, 10, 10, 10, 10, 10, 10
ch128, 10, 10, 10, 10, 10, 10, 10, 10, 10, 10, 10, 10
ch132, 10, 10, 10, 10, 10, 10, 10, 10, 10, 10, 10, 10
ch134, 10, 10, 10, 10, 10, 10, 10, 10, 10, 10, 10, 10
ch136, 10, 10, 10, 10, 10, 10, 10, 10, 10, 10, 10, 10
ch138, 10, 10, 10, 10, 10, 10, 10, 10, 10, 10, 10, 10
ch140, 10, 10, 10, 10, 10, 10, 10, 10, 10, 10, 10, 10
ch142, 9, 9, 9, 9, 9, 9, 9, 9, 9, 9, 9, 9
ch144, 9, 9, 9, 9, 9, 9, 9, 9, 9, 9, 9, 9
ch149, 15, 15, 15, 15, 15, 15, 15, 15, 15, 15, 15, 15
ch151, 15, 15, 15, 15, 15, 15, 15, 15, 15, 15, 15, 15
ch153, 15, 15, 15, 15, 15, 15, 15, 15, 15, 15, 15, 15
ch155, 15, 15, 15, 15, 15, 15, 15, 15, 15, 15, 15, 15
ch157, 14, 14, 14, 14, 14, 14, 14, 14, 14, 14, 14, 14
ch159, 14, 14, 14, 14, 14, 14, 14, 14, 14, 14, 14, 14
ch161, 16, 16, 16, 16, 16, 16, 16, 16, 16, 16, 16, 16
ch165, 16, 16, 16, 16, 16, 16, 16, 16, 16, 16, 16, 16
</ru52>

<ru106, m0, m1, m2, m3, m4, m5, m6, m7, m8, m9, m10, m11>
ch001, 20, 20, 20, 20, 20, 20, 20, 20, 20, 20, 20, 20
ch002, 20, 20, 20, 20, 20, 20, 20, 20, 20, 20, 20, 20
ch003, 20, 20, 20, 20, 20, 20, 20, 20, 20, 20, 20, 20
ch004, 20, 20, 20, 20, 20, 20, 20, 20, 20, 20, 20, 20
ch005, 20, 20, 20, 20, 20, 20, 20, 20, 20, 20, 20, 20
ch006, 20, 20, 20, 20, 20, 20, 20, 20, 20, 20, 20, 20
ch007, 20, 20, 20, 20, 20, 20, 20, 20, 20, 20, 20, 20
ch008, 20, 20, 20, 20, 20, 20, 20, 20, 20, 20, 20, 20
ch009, 20, 20, 20, 20, 20, 20, 20, 20, 20, 20, 20, 20
ch010, 19, 19, 19, 19, 19, 19, 19, 19, 19, 19, 19, 19
ch011, 19, 19, 19, 19, 19, 19, 19, 19, 19, 19, 19, 19
ch012, 19, 19, 19, 19, 19, 19, 19, 19, 19, 19, 19, 19
ch013, 19, 19, 19, 19, 19, 19, 19, 19, 19, 19, 19, 19
ch014, x, x, x, x, x, x, x, x, x, x, x, x
ch036, 22, 22, 22, 22, 22, 22, 22, 22, 22, 22, 22, 22
ch038, 22, 22, 22, 22, 22, 22, 22, 22, 22, 22, 22, 22
ch040, 22, 22, 22, 22, 22, 22, 22, 22, 22, 22, 22, 22
ch042, 22, 22, 22, 22, 22, 22, 22, 22, 22, 22, 22, 22
ch044, 22, 22, 22, 22, 22, 22, 22, 22, 22, 22, 22, 22
ch046, 22, 22, 22, 22, 22, 22, 22, 22, 22, 22, 22, 22
ch048, 22, 22, 22, 22, 22, 22, 22, 22, 22, 22, 22, 22
ch050, x, x, x, x, x, x, x, x, x, x, x, x
ch052, 16, 16, 16, 16, 16, 16, 16, 16, 16, 16, 16, 16
ch054, 16, 16, 16, 16, 16, 16, 16, 16, 16, 16, 16, 16
ch056, 16, 16, 16, 16, 16, 16, 16, 16, 16, 16, 16, 16
ch058, 16, 16, 16, 16, 16, 16, 16, 16, 16, 16, 16, 16
ch060, 16, 16, 16, 16, 16, 16, 16, 16, 16, 16, 16, 16
ch062, 16, 16, 16, 16, 16, 16, 16, 16, 16, 16, 16, 16
ch064, 16, 16, 16, 16, 16, 16, 16, 16, 16, 16, 16, 16
ch100, 15, 15, 15, 15, 15, 15, 15, 15, 15, 15, 15, 15
ch102, 15, 15, 15, 15, 15, 15, 15, 15, 15, 15, 15, 15
ch104, 15, 15, 15, 15, 15, 15, 15, 15, 15, 15, 15, 15
ch106, 15, 15, 15, 15, 15, 15, 15, 15, 15, 15, 15, 15
ch108, 15, 15, 15, 15, 15, 15, 15, 15, 15, 15, 15, 15
ch110, 15, 15, 15, 15, 15, 15, 15, 15, 15, 15, 15, 15
ch112, 15, 15, 15, 15, 15, 15, 15, 15, 15, 15, 15, 15
ch114, x, x, x, x, x, x, x, x, x, x, x, x
ch116, 15, 15, 15, 15, 15, 15, 15, 15, 15, 15, 15, 15
ch118, 15, 15, 15, 15, 15, 15, 15, 15, 15, 15, 15, 15
ch120, 15, 15, 15, 15, 15, 15, 15, 15, 15, 15, 15, 15
ch122, 15, 15, 15, 15, 15, 15, 15, 15, 15, 15, 15, 15
ch124, 15, 15, 15, 15, 15, 15, 15, 15, 15, 15, 15, 15
ch126, 15, 15, 15, 15, 15, 15, 15, 15, 15, 15, 15, 15
ch128, 15, 15, 15, 15, 15, 15, 15, 15, 15, 15, 15, 15
ch132, 15, 15, 15, 15, 15, 15, 15, 15, 15, 15, 15, 15
ch134, 15, 15, 15, 15, 15, 15, 15, 15, 15, 15, 15, 15
ch136, 15, 15, 15, 15, 15, 15, 15, 15, 15, 15, 15, 15
ch138, 15, 15, 15, 15, 15, 15, 15, 15, 15, 15, 15, 15
ch140, 15, 15, 15, 15, 15, 15, 15, 15, 15, 15, 15, 15
ch142, 15, 15, 15, 15, 15, 15, 15, 15, 15, 15, 15, 15
ch144, 15, 15, 15, 15, 15, 15, 15, 15, 15, 15, 15, 15
ch149, 20, 20, 20, 20, 20, 20, 20, 20, 20, 20, 20, 20
ch151, 20, 20, 20, 20, 20, 20, 20, 20, 20, 20, 20, 20
ch153, 20, 20, 20, 20, 20, 20, 20, 20, 20, 20, 20, 20
ch155, 20, 20, 20, 20, 20, 20, 20, 20, 20, 20, 20, 20
ch157, 20, 20, 20, 20, 20, 20, 20, 20, 20, 20, 20, 20
ch159, 20, 20, 20, 20, 20, 20, 20, 20, 20, 20, 20, 20
ch161, 22, 22, 22, 22, 22, 22, 22, 22, 22, 22, 22, 22
ch165, 22, 22, 22, 22, 22, 22, 22, 22, 22, 22, 22, 22
</ru106>

<ru242, m0, m1, m2, m3, m4, m5, m6, m7, m8, m9, m10, m11>
ch001, 26, 26, 26, 26, 26, 26, 26, 26, 26, 26, 26, 26
ch002, 26, 26, 26, 26, 26, 26, 26, 26, 26, 26, 26, 26
ch003, 26, 26, 26, 26, 26, 26, 26, 26, 26, 26, 26, 26
ch004, 26, 26, 26, 26, 26, 26, 26, 26, 26, 26, 26, 26
ch005, 26, 26, 26, 26, 26, 26, 26, 26, 26, 26, 26, 26
ch006, 26, 26, 26, 26, 26, 26, 26, 26, 26, 26, 26, 26
ch007, 26, 26, 26, 26, 26, 26, 26, 26, 26, 26, 26, 26
ch008, 26, 26, 26, 26, 26, 26, 26, 26, 26, 26, 26, 26
ch009, 26, 26, 26, 26, 26, 26, 26, 26, 26, 26, 26, 26
ch010, 26, 26, 26, 26, 26, 26, 26, 26, 26, 26, 26, 26
ch011, 26, 26, 26, 26, 26, 26, 26, 26, 26, 26, 26, 26
ch012, 26, 26, 26, 26, 26, 26, 26, 26, 26, 26, 26, 26
ch013, 26, 26, 26, 26, 26, 26, 26, 26, 26, 26, 26, 26
ch014, x, x, x, x, x, x, x, x, x, x, x, x
ch036, 26, 26, 26, 26, 26, 26, 26, 26, 26, 26, 26, 26
ch038, 25, 25, 25, 25, 25, 25, 25, 25, 25, 25, 25, 25
ch040, 26, 26, 26, 26, 26, 26, 26, 26, 26, 26, 26, 26
ch042, 25, 25, 25, 25, 25, 25, 25, 25, 25, 25, 25, 25
ch044, 26, 26, 26, 26, 26, 26, 26, 26, 26, 26, 26, 26
ch046, 25, 25, 25, 25, 25, 25, 25, 25, 25, 25, 25, 25
ch048, 26, 26, 26, 26, 26, 26, 26, 26, 26, 26, 26, 26
ch050, x, x, x, x, x, x, x, x, x, x, x, x
ch052, 22, 22, 22, 22, 22, 22, 22, 22, 22, 22, 22, 22
ch054, 21, 21, 21, 21, 21, 21, 21, 21, 21, 21, 21, 21
ch056, 22, 22, 22, 22, 22, 22, 22, 22, 22, 22, 22, 22
ch058, 21, 21, 21, 21, 21, 21, 21, 21, 21, 21, 21, 21
ch060, 22, 22, 22, 22, 22, 22, 22, 22, 22, 22, 22, 22
ch062, 21, 21, 21, 21, 21, 21, 21, 21, 21, 21, 21, 21
ch064, 22, 22, 22, 22, 22, 22, 22, 22, 22, 22, 22, 22
ch100, 19, 19, 19, 19, 19, 19, 19, 19, 19, 19, 19, 19
ch102, 20, 20, 20, 20, 20, 20, 20, 20, 20, 20, 20, 20
ch104, 19, 19, 19, 19, 19, 19, 19, 19, 19, 19, 19, 19
ch106, 20, 20, 20, 20, 20, 20, 20, 20, 20, 20, 20, 20
ch108, 19, 19, 19, 19, 19, 19, 19, 19, 19, 19, 19, 19
ch110, 20, 20, 20, 20, 20, 20, 20, 20, 20, 20, 20, 20
ch112, 19, 19, 19, 19, 19, 19, 19, 19, 19, 19, 19, 19
ch114, x, x, x, x, x, x, x, x, x, x, x, x
ch116, 19, 19, 19, 19, 19, 19, 19, 19, 19, 19, 19, 19
ch118, 20, 20, 20, 20, 20, 20, 20, 20, 20, 20, 20, 20
ch120, 19, 19, 19, 19, 19, 19, 19, 19, 19, 19, 19, 19
ch122, 21, 21, 21, 21, 21, 21, 21, 21, 21, 21, 21, 21
ch124, 19, 19, 19, 19, 19, 19, 19, 19, 19, 19, 19, 19
ch126, 21, 21, 21, 21, 21, 21, 21, 21, 21, 21, 21, 21
ch128, 19, 19, 19, 19, 19, 19, 19, 19, 19, 19, 19, 19
ch132, 20, 20, 20, 20, 20, 20, 20, 20, 20, 20, 20, 20
ch134, 21, 21, 21, 21, 21, 21, 21, 21, 21, 21, 21, 21
ch136, 20, 20, 20, 20, 20, 20, 20, 20, 20, 20, 20, 20
ch138, 21, 21, 21, 21, 21, 21, 21, 21, 21, 21, 21, 21
ch140, 20, 20, 20, 20, 20, 20, 20, 20, 20, 20, 20, 20
ch142, 19, 19, 19, 19, 19, 19, 19, 19, 19, 19, 19, 19
ch144, 20, 20, 20, 20, 20, 20, 20, 20, 20, 20, 20, 20
ch149, 25, 25, 25, 25, 25, 25, 25, 25, 25, 25, 25, 25
ch151, 24, 24, 24, 24, 24, 24, 24, 24, 24, 24, 24, 24
ch153, 25, 25, 25, 25, 25, 25, 25, 25, 25, 25, 25, 25
ch155, 24, 24, 24, 24, 24, 24, 24, 24, 24, 24, 24, 24
ch157, 25, 25, 25, 25, 25, 25, 25, 25, 25, 25, 25, 25
ch159, 23, 23, 23, 23, 23, 23, 23, 23, 23, 23, 23, 23
ch161, 26, 26, 26, 26, 26, 26, 26, 26, 26, 26, 26, 26
ch165, 26, 26, 26, 26, 26, 26, 26, 26, 26, 26, 26, 26
</ru242>

<ru484, m0, m1, m2, m3, m4, m5, m6, m7, m8, m9, m10, m11>
ch038, 28, 28, 28, 28, 28, 28, 28, 28, 28, 28, 28, 28
ch042, 24, 24, 24, 24, 24, 24, 24, 24, 24, 24, 24, 24
ch046, 28, 28, 28, 28, 28, 28, 28, 28, 28, 28, 28, 28
ch050, x, x, x, x, x, x, x, x, x, x, x, x
ch054, 24, 24, 24, 24, 24, 24, 24, 24, 24, 24, 24, 24
ch058, 19, 19, 19, 19, 19, 19, 19, 19, 19, 19, 19, 19
ch062, 24, 24, 24, 24, 24, 24, 24, 24, 24, 24, 24, 24
ch102, 21, 21, 21, 21, 21, 21, 21, 21, 21, 21, 21, 21
ch106, 20, 20, 20, 20, 20, 20, 20, 20, 20, 20, 20, 20
ch110, 21, 21, 21, 21, 21, 21, 21, 21, 21, 21, 21, 21
ch114, x, x, x, x, x, x, x, x, x, x, x, x
ch118, 21, 21, 21, 21, 21, 21, 21, 21, 21, 21, 21, 21
ch122, 19, 19, 19, 19, 19, 19, 19, 19, 19, 19, 19, 19
ch126, 22, 22, 22, 22, 22, 22, 22, 22, 22, 22, 22, 22
ch134, 22, 22, 22, 22, 22, 22, 22, 22, 22, 22, 22, 22
ch138, 21, 21, 21, 21, 21, 21, 21, 21, 21, 21, 21, 21
ch142, 23, 23, 23, 23, 23, 23, 23, 23, 23, 23, 23, 23
ch151, 28, 28, 28, 28, 28, 28, 28, 28, 28, 28, 28, 28
ch155, 22, 22, 22, 22, 22, 22, 22, 22, 22, 22, 22, 22
ch159, 28, 28, 28, 28, 28, 28, 28, 28, 28, 28, 28, 28
</ru484>

<ru996, m0, m1, m2, m3, m4, m5, m6, m7, m8, m9, m10, m11> 
ch042, 28, 28, 28, 28, 28, 28, 28, 28, 28, 28, 28, 28
ch050, x, x, x, x, x, x, x, x, x, x, x, x
ch058, 23, 23, 23, 23, 23, 23, 23, 23, 23, 23, 23, 23
ch106, 22, 22, 22, 22, 22, 22, 22, 22, 22, 22, 22, 22
ch114, x, x, x, x, x, x, x, x, x, x, x, x
ch122, 22, 22, 22, 22, 22, 22, 22, 22, 22, 22, 22, 22
ch138, 24, 24, 24, 24, 24, 24, 24, 24, 24, 24, 24, 24
ch155, 27, 27, 27, 27, 27, 27, 27, 27, 27, 27, 27, 27
</ru996>

[JP]
<cck,  c1, c2, c5, c11>
ch001, 26, 26, 26, 26
ch002, 26, 26, 26, 26
ch003, 25, 25, 25, 25
ch004, 25, 25, 25, 25
ch005, 25, 25, 25, 25
ch006, 25, 25, 25, 25
ch007, 25, 25, 25, 25
ch008, 25, 25, 25, 25
ch009, 25, 25, 25, 25
ch010, 26, 26, 26, 26
ch011, 26, 26, 26, 26
ch012, 26, 26, 26, 26
ch013, 26, 26, 26, 26
ch014, x, x, x, x
</cck>

<ofdm, o6, o9, o12, o18, o24, o36, o48, o54>
ch001, 27, 27, 27, 27, 27, 27, 27, 27
ch002, 27, 27, 27, 27, 27, 27, 27, 27
ch003, 28, 28, 28, 28, 28, 28, 28, 28
ch004, 28, 28, 28, 28, 28, 28, 28, 28
ch005, 28, 28, 28, 28, 28, 28, 28, 28
ch006, 28, 28, 28, 28, 28, 28, 28, 28
ch007, 28, 28, 28, 28, 28, 28, 28, 28
ch008, 28, 28, 28, 28, 28, 28, 28, 28
ch009, 28, 28, 28, 28, 28, 28, 28, 28
ch010, 27, 27, 27, 27, 27, 27, 27, 27
ch011, 27, 27, 27, 27, 27, 27, 27, 27
ch012, 27, 27, 27, 27, 27, 27, 27, 27
ch013, 27, 27, 27, 27, 27, 27, 27, 27
ch014, x, x, x, x, x, x, x, x
ch036, 25, 25, 25, 25, 25, 25, 25, 25
ch038, 25, 25, 25, 25, 25, 25, 25, 25
ch040, 25, 25, 25, 25, 25, 25, 25, 25
ch042, 25, 25, 25, 25, 25, 25, 25, 25
ch044, 26, 26, 26, 26, 26, 26, 26, 26
ch046, 26, 26, 26, 26, 26, 26, 26, 26
ch048, 27, 27, 27, 27, 27, 27, 27, 27
ch050, x, x, x, x, x, x, x, x
ch052, 19, 19, 19, 19, 19, 19, 19, 19
ch054, 19, 19, 19, 19, 19, 19, 19, 19
ch056, 20, 20, 20, 20, 20, 20, 20, 20
ch058, 20, 20, 20, 20, 20, 20, 20, 20
ch060, 22, 22, 22, 22, 22, 22, 22, 22
ch062, 22, 22, 22, 22, 22, 22, 22, 22
ch064, 21, 21, 21, 21, 21, 21, 21, 21
ch100, 34, 34, 34, 34, 34, 34, 34, 34
ch102, 34, 34, 34, 34, 34, 34, 34, 34
ch104, 34, 34, 34, 34, 34, 34, 34, 34
ch106, 34, 34, 34, 34, 34, 34, 34, 34
ch108, 34, 34, 34, 34, 34, 34, 34, 34
ch110, 34, 34, 34, 34, 34, 34, 34, 34
ch112, 34, 34, 34, 34, 34, 34, 34, 34
ch114, x, x, x, x, x, x, x, x
ch116, 33, 33, 33, 33, 33, 33, 33, 33
ch118, 33, 33, 33, 33, 33, 33, 33, 33
ch120, 33, 33, 33, 33, 33, 33, 33, 33
ch122, 33, 33, 33, 33, 33, 33, 33, 33
ch124, 33, 33, 33, 33, 33, 33, 33, 33
ch126, 33, 33, 33, 33, 33, 33, 33, 33
ch128, 33, 33, 33, 33, 33, 33, 33, 33
ch132, 33, 33, 33, 33, 33, 33, 33, 33
ch134, 33, 33, 33, 33, 33, 33, 33, 33
ch136, 33, 33, 33, 33, 33, 33, 33, 33
ch138, 33, 33, 33, 33, 33, 33, 33, 33
ch140, 33, 33, 33, 33, 33, 33, 33, 33
ch142, 33, 33, 33, 33, 33, 33, 33, 33
ch144, 33, 33, 33, 33, 33, 33, 33, 33
ch149, x, x, x, x, x, x, x, x
ch151, x, x, x, x, x, x, x, x
ch153, x, x, x, x, x, x, x, x
ch155, x, x, x, x, x, x, x, x
ch157, x, x, x, x, x, x, x, x
ch159, x, x, x, x, x, x, x, x
ch161, x, x, x, x, x, x, x, x
ch165, x, x, x, x, x, x, x, x
</ofdm>

<ht20, m0, m1, m2, m3, m4, m5, m6, m7>
ch001, 28, 28, 28, 28, 28, 28, 28, 28
ch002, 28, 28, 28, 28, 28, 28, 28, 28
ch003, 28, 28, 28, 28, 28, 28, 28, 28
ch004, 28, 28, 28, 28, 28, 28, 28, 28
ch005, 28, 28, 28, 28, 28, 28, 28, 28
ch006, 28, 28, 28, 28, 28, 28, 28, 28
ch007, 28, 28, 28, 28, 28, 28, 28, 28
ch008, 28, 28, 28, 28, 28, 28, 28, 28
ch009, 28, 28, 28, 28, 28, 28, 28, 28
ch010, 27, 27, 27, 27, 27, 27, 27, 27
ch011, 27, 27, 27, 27, 27, 27, 27, 27
ch012, 27, 27, 27, 27, 27, 27, 27, 27
ch013, 27, 27, 27, 27, 27, 27, 27, 27
ch014, x, x, x, x, x, x, x, x
ch036, 24, 24, 24, 24, 24, 24, 24, 24
ch038, 24, 24, 24, 24, 24, 24, 24, 24
ch040, 24, 24, 24, 24, 24, 24, 24, 24
ch042, 24, 24, 24, 24, 24, 24, 24, 24
ch044, 25, 25, 25, 25, 25, 25, 25, 25
ch046, 25, 25, 25, 25, 25, 25, 25, 25
ch048, 25, 25, 25, 25, 25, 25, 25, 25
ch050, x, x, x, x, x, x, x, x
ch052, 18, 18, 18, 18, 18, 18, 18, 18
ch054, 18, 18, 18, 18, 18, 18, 18, 18
ch056, 18, 18, 18, 18, 18, 18, 18, 18
ch058, 18, 18, 18, 18, 18, 18, 18, 18
ch060, 19, 19, 19, 19, 19, 19, 19, 19
ch062, 19, 19, 19, 19, 19, 19, 19, 19
ch064, 19, 19, 19, 19, 19, 19, 19, 19
ch100, 30, 30, 30, 30, 30, 30, 30, 30
ch102, 30, 30, 30, 30, 30, 30, 30, 30
ch104, 30, 30, 30, 30, 30, 30, 30, 30
ch106, 30, 30, 30, 30, 30, 30, 30, 30
ch108, 30, 30, 30, 30, 30, 30, 30, 30
ch110, 30, 30, 30, 30, 30, 30, 30, 30
ch112, 30, 30, 30, 30, 30, 30, 30, 30
ch114, x, x, x, x, x, x, x, x
ch116, 28, 28, 28, 28, 28, 28, 28, 28
ch118, 28, 28, 28, 28, 28, 28, 28, 28
ch120, 28, 28, 28, 28, 28, 28, 28, 28
ch122, 28, 28, 28, 28, 28, 28, 28, 28
ch124, 28, 28, 28, 28, 28, 28, 28, 28
ch126, 28, 28, 28, 28, 28, 28, 28, 28
ch128, 28, 28, 28, 28, 28, 28, 28, 28
ch132, 29, 29, 29, 29, 29, 29, 29, 29
ch134, 29, 29, 29, 29, 29, 29, 29, 29
ch136, 29, 29, 29, 29, 29, 29, 29, 29
ch138, 29, 29, 29, 29, 29, 29, 29, 29
ch140, 29, 29, 29, 29, 29, 29, 29, 29
ch142, 29, 29, 29, 29, 29, 29, 29, 29
ch144, 29, 29, 29, 29, 29, 29, 29, 29
ch149, x, x, x, x, x, x, x, x
ch151, x, x, x, x, x, x, x, x
ch153, x, x, x, x, x, x, x, x
ch155, x, x, x, x, x, x, x, x
ch157, x, x, x, x, x, x, x, x
ch159, x, x, x, x, x, x, x, x
ch161, x, x, x, x, x, x, x, x
ch165, x, x, x, x, x, x, x, x
</ht20>

<ht40, m0, m1, m2, m3, m4, m5, m6, m7, m32> 
ch038, 24, 24, 24, 24, 24, 24, 24, 24, 24
ch042, 24, 24, 24, 24, 24, 24, 24, 24, 24
ch046, 24, 24, 24, 24, 24, 24, 24, 24, 24
ch050, x, x, x, x, x, x, x, x, x
ch054, 17, 17, 17, 17, 17, 17, 17, 17, 17
ch058, 17, 17, 17, 17, 17, 17, 17, 17, 17
ch062, 18, 18, 18, 18, 18, 18, 18, 18, 18
ch102, 31, 31, 31, 31, 31, 31, 31, 31, 31
ch106, 31, 31, 31, 31, 31, 31, 31, 31, 31
ch110, 31, 31, 31, 31, 31, 31, 31, 31, 31
ch114, x, x, x, x, x, x, x, x, x
ch118, 31, 31, 31, 31, 31, 31, 31, 31, 31
ch122, 31, 31, 31, 31, 31, 31, 31, 31, 31
ch126, 31, 31, 31, 31, 31, 31, 31, 31, 31
ch134, 30, 30, 30, 30, 30, 30, 30, 30, 30
ch138, 30, 30, 30, 30, 30, 30, 30, 30, 30
ch142, 30, 30, 30, 30, 30, 30, 30, 30, 30
ch151, x, x, x, x, x, x, x, x, x
ch155, x, x, x, x, x, x, x, x, x
ch159, x, x, x, x, x, x, x, x, x
</ht40>

<vht20, m0, m1, m2, m3, m4, m5, m6, m7, m8, m9>
ch001, 28, 28, 28, 28, 28, 28, 28, 28, 28, 28
ch002, 28, 28, 28, 28, 28, 28, 28, 28, 28, 28
ch003, 28, 28, 28, 28, 28, 28, 28, 28, 28, 28
ch004, 28, 28, 28, 28, 28, 28, 28, 28, 28, 28
ch005, 28, 28, 28, 28, 28, 28, 28, 28, 28, 28
ch006, 28, 28, 28, 28, 28, 28, 28, 28, 28, 28
ch007, 28, 28, 28, 28, 28, 28, 28, 28, 28, 28
ch008, 28, 28, 28, 28, 28, 28, 28, 28, 28, 28
ch009, 28, 28, 28, 28, 28, 28, 28, 28, 28, 28
ch010, 27, 27, 27, 27, 27, 27, 27, 27, 27, 27
ch011, 27, 27, 27, 27, 27, 27, 27, 27, 27, 27
ch012, 27, 27, 27, 27, 27, 27, 27, 27, 27, 27
ch013, 27, 27, 27, 27, 27, 27, 27, 27, 27, 27
ch014, x, x, x, x, x, x, x, x, x, x
ch036, 26, 26, 26, 26, 26, 26, 26, 26, 26, 26
ch038, 26, 26, 26, 26, 26, 26, 26, 26, 26, 26
ch040, 26, 26, 26, 26, 26, 26, 26, 26, 26, 26
ch042, 26, 26, 26, 26, 26, 26, 26, 26, 26, 26
ch044, 26, 26, 26, 26, 26, 26, 26, 26, 26, 26
ch046, 26, 26, 26, 26, 26, 26, 26, 26, 26, 26
ch048, 26, 26, 26, 26, 26, 26, 26, 26, 26, 26
ch050, x, x, x, x, x, x, x, x, x, x
ch052, 21, 21, 21, 21, 21, 21, 21, 21, 21, 21
ch054, 21, 21, 21, 21, 21, 21, 21, 21, 21, 21
ch056, 21, 21, 21, 21, 21, 21, 21, 21, 21, 21
ch058, 21, 21, 21, 21, 21, 21, 21, 21, 21, 21
ch060, 22, 22, 22, 22, 22, 22, 22, 22, 22, 22
ch062, 22, 22, 22, 22, 22, 22, 22, 22, 22, 22
ch064, 22, 22, 22, 22, 22, 22, 22, 22, 22, 22
ch100, 30, 30, 30, 30, 30, 30, 30, 30, 30, 30
ch102, 30, 30, 30, 30, 30, 30, 30, 30, 30, 30
ch104, 30, 30, 30, 30, 30, 30, 30, 30, 30, 30
ch106, 30, 30, 30, 30, 30, 30, 30, 30, 30, 30
ch108, 30, 30, 30, 30, 30, 30, 30, 30, 30, 30
ch110, 30, 30, 30, 30, 30, 30, 30, 30, 30, 30
ch112, 30, 30, 30, 30, 30, 30, 30, 30, 30, 30
ch114, x, x, x, x, x, x, x, x, x, x
ch116, 30, 30, 30, 30, 30, 30, 30, 30, 30, 30
ch118, 30, 30, 30, 30, 30, 30, 30, 30, 30, 30
ch120, 30, 30, 30, 30, 30, 30, 30, 30, 30, 30
ch122, 30, 30, 30, 30, 30, 30, 30, 30, 30, 30
ch124, 30, 30, 30, 30, 30, 30, 30, 30, 30, 30
ch126, 30, 30, 30, 30, 30, 30, 30, 30, 30, 30
ch128, 30, 30, 30, 30, 30, 30, 30, 30, 30, 30
ch132, 31, 31, 31, 31, 31, 31, 31, 31, 31, 31
ch134, 31, 31, 31, 31, 31, 31, 31, 31, 31, 31
ch136, 31, 31, 31, 31, 31, 31, 31, 31, 31, 31
ch138, 31, 31, 31, 31, 31, 31, 31, 31, 31, 31
ch140, 31, 31, 31, 31, 31, 31, 31, 31, 31, 31
ch142, 31, 31, 31, 31, 31, 31, 31, 31, 31, 31
ch144, 31, 31, 31, 31, 31, 31, 31, 31, 31, 31
ch149, x, x, x, x, x, x, x, x, x, x
ch151, x, x, x, x, x, x, x, x, x, x
ch153, x, x, x, x, x, x, x, x, x, x
ch155, x, x, x, x, x, x, x, x, x, x
ch157, x, x, x, x, x, x, x, x, x, x
ch159, x, x, x, x, x, x, x, x, x, x
ch161, x, x, x, x, x, x, x, x, x, x
ch165, x, x, x, x, x, x, x, x, x, x
</vht20>

<vht40, m0, m1, m2, m3, m4, m5, m6, m7, m8, m9>
ch038, 24, 24, 24, 24, 24, 24, 24, 24, 24, 24
ch042, 24, 24, 24, 24, 24, 24, 24, 24, 24, 24
ch046, 25, 25, 25, 25, 25, 25, 25, 25, 25, 25
ch050, x, x, x, x, x, x, x, x, x, x
ch054, 20, 20, 20, 20, 20, 20, 20, 20, 20, 20
ch058, 20, 20, 20, 20, 20, 20, 20, 20, 20, 20
ch062, 21, 21, 21, 21, 21, 21, 21, 21, 21, 21
ch102, 33, 33, 33, 33, 33, 33, 33, 33, 33, 33
ch106, 33, 33, 33, 33, 33, 33, 33, 33, 33, 33
ch110, 33, 33, 33, 33, 33, 33, 33, 33, 33, 33
ch114, x, x, x, x, x, x, x, x, x, x
ch118, 31, 31, 31, 31, 31, 31, 31, 31, 31, 31
ch122, 31, 31, 31, 31, 31, 31, 31, 31, 31, 31
ch126, 31, 31, 31, 31, 31, 31, 31, 31, 31, 31
ch134, 32, 32, 32, 32, 32, 32, 32, 32, 32, 32
ch138, 32, 32, 32, 32, 32, 32, 32, 32, 32, 32
ch142, 32, 32, 32, 32, 32, 32, 32, 32, 32, 32
ch151, x, x, x, x, x, x, x, x, x, x
ch155, x, x, x, x, x, x, x, x, x, x
ch159, x, x, x, x, x, x, x, x, x, x
</vht40>

<vht80, m0, m1, m2, m3, m4, m5, m6, m7, m8, m9> 
ch042, 24, 24, 24, 24, 24, 24, 24, 24, 24, 24
ch050, x, x, x, x, x, x, x, x, x, x
ch058, 20, 20, 20, 20, 20, 20, 20, 20, 20, 20
ch106, 30, 30, 30, 30, 30, 30, 30, 30, 30, 30
ch114, x, x, x, x, x, x, x, x, x, x
ch122, 30, 30, 30, 30, 30, 30, 30, 30, 30, 30
ch138, 29, 29, 29, 29, 29, 29, 29, 29, 29, 29
ch155, x, x, x, x, x, x, x, x, x, x
</vht80>

<ru26, m0, m1, m2, m3, m4, m5, m6, m7, m8, m9, m10, m11>
ch001, 9, 9, 9, 9, 9, 9, 9, 9, 9, 9, 9, 9
ch002, 9, 9, 9, 9, 9, 9, 9, 9, 9, 9, 9, 9
ch003, 11, 11, 11, 11, 11, 11, 11, 11, 11, 11, 11, 11
ch004, 11, 11, 11, 11, 11, 11, 11, 11, 11, 11, 11, 11
ch005, 11, 11, 11, 11, 11, 11, 11, 11, 11, 11, 11, 11
ch006, 11, 11, 11, 11, 11, 11, 11, 11, 11, 11, 11, 11
ch007, 11, 11, 11, 11, 11, 11, 11, 11, 11, 11, 11, 11
ch008, 11, 11, 11, 11, 11, 11, 11, 11, 11, 11, 11, 11
ch009, 11, 11, 11, 11, 11, 11, 11, 11, 11, 11, 11, 11
ch010, 11, 11, 11, 11, 11, 11, 11, 11, 11, 11, 11, 11
ch011, 11, 11, 11, 11, 11, 11, 11, 11, 11, 11, 11, 11
ch012, 11, 11, 11, 11, 11, 11, 11, 11, 11, 11, 11, 11
ch013, 11, 11, 11, 11, 11, 11, 11, 11, 11, 11, 11, 11
ch014, x, x, x, x, x, x, x, x, x, x, x, x
ch036, 10, 10, 10, 10, 10, 10, 10, 10, 10, 10, 10, 10
ch038, 10, 10, 10, 10, 10, 10, 10, 10, 10, 10, 10, 10
ch040, 10, 10, 10, 10, 10, 10, 10, 10, 10, 10, 10, 10
ch042, 10, 10, 10, 10, 10, 10, 10, 10, 10, 10, 10, 10
ch044, 11, 11, 11, 11, 11, 11, 11, 11, 11, 11, 11, 11
ch046, 11, 11, 11, 11, 11, 11, 11, 11, 11, 11, 11, 11
ch048, 9, 9, 9, 9, 9, 9, 9, 9, 9, 9, 9, 9
ch050, x, x, x, x, x, x, x, x, x, x, x, x
ch052, 4, 4, 4, 4, 4, 4, 4, 4, 4, 4, 4, 4
ch054, 4, 4, 4, 4, 4, 4, 4, 4, 4, 4, 4, 4
ch056, 4, 4, 4, 4, 4, 4, 4, 4, 4, 4, 4, 4
ch058, 4, 4, 4, 4, 4, 4, 4, 4, 4, 4, 4, 4
ch060, -1, -1, -1, -1, -1, -1, -1, -1, -1, -1, -1, -1
ch062, -1, -1, -1, -1, -1, -1, -1, -1, -1, -1, -1, -1
ch064, 2, 2, 2, 2, 2, 2, 2, 2, 2, 2, 2, 2
ch100, 15, 15, 15, 15, 15, 15, 15, 15, 15, 15, 15, 15
ch102, 15, 15, 15, 15, 15, 15, 15, 15, 15, 15, 15, 15
ch104, 15, 15, 15, 15, 15, 15, 15, 15, 15, 15, 15, 15
ch106, 15, 15, 15, 15, 15, 15, 15, 15, 15, 15, 15, 15
ch108, 15, 15, 15, 15, 15, 15, 15, 15, 15, 15, 15, 15
ch110, 15, 15, 15, 15, 15, 15, 15, 15, 15, 15, 15, 15
ch112, 15, 15, 15, 15, 15, 15, 15, 15, 15, 15, 15, 15
ch114, x, x, x, x, x, x, x, x, x, x, x, x
ch116, 14, 14, 14, 14, 14, 14, 14, 14, 14, 14, 14, 14
ch118, 14, 14, 14, 14, 14, 14, 14, 14, 14, 14, 14, 14
ch120, 14, 14, 14, 14, 14, 14, 14, 14, 14, 14, 14, 14
ch122, 14, 14, 14, 14, 14, 14, 14, 14, 14, 14, 14, 14
ch124, 14, 14, 14, 14, 14, 14, 14, 14, 14, 14, 14, 14
ch126, 14, 14, 14, 14, 14, 14, 14, 14, 14, 14, 14, 14
ch128, 14, 14, 14, 14, 14, 14, 14, 14, 14, 14, 14, 14
ch132, 11, 11, 11, 11, 11, 11, 11, 11, 11, 11, 11, 11
ch134, 11, 11, 11, 11, 11, 11, 11, 11, 11, 11, 11, 11
ch136, 11, 11, 11, 11, 11, 11, 11, 11, 11, 11, 11, 11
ch138, 11, 11, 11, 11, 11, 11, 11, 11, 11, 11, 11, 11
ch140, 11, 11, 11, 11, 11, 11, 11, 11, 11, 11, 11, 11
ch142, 11, 11, 11, 11, 11, 11, 11, 11, 11, 11, 11, 11
ch144, 11, 11, 11, 11, 11, 11, 11, 11, 11, 11, 11, 11
ch149, x, x, x, x, x, x, x, x, x, x, x, x
ch151, x, x, x, x, x, x, x, x, x, x, x, x
ch153, x, x, x, x, x, x, x, x, x, x, x, x
ch155, x, x, x, x, x, x, x, x, x, x, x, x
ch157, x, x, x, x, x, x, x, x, x, x, x, x
ch159, x, x, x, x, x, x, x, x, x, x, x, x
ch161, x, x, x, x, x, x, x, x, x, x, x, x
ch165, x, x, x, x, x, x, x, x, x, x, x, x
</ru26>

<ru52, m0, m1, m2, m3, m4, m5, m6, m7, m8, m9, m10, m11>
ch001, 15, 15, 15, 15, 15, 15, 15, 15, 15, 15, 15, 15
ch002, 15, 15, 15, 15, 15, 15, 15, 15, 15, 15, 15, 15
ch003, 15, 15, 15, 15, 15, 15, 15, 15, 15, 15, 15, 15
ch004, 15, 15, 15, 15, 15, 15, 15, 15, 15, 15, 15, 15
ch005, 15, 15, 15, 15, 15, 15, 15, 15, 15, 15, 15, 15
ch006, 15, 15, 15, 15, 15, 15, 15, 15, 15, 15, 15, 15
ch007, 15, 15, 15, 15, 15, 15, 15, 15, 15, 15, 15, 15
ch008, 15, 15, 15, 15, 15, 15, 15, 15, 15, 15, 15, 15
ch009, 15, 15, 15, 15, 15, 15, 15, 15, 15, 15, 15, 15
ch010, 16, 16, 16, 16, 16, 16, 16, 16, 16, 16, 16, 16
ch011, 16, 16, 16, 16, 16, 16, 16, 16, 16, 16, 16, 16
ch012, 16, 16, 16, 16, 16, 16, 16, 16, 16, 16, 16, 16
ch013, 16, 16, 16, 16, 16, 16, 16, 16, 16, 16, 16, 16
ch014, x, x, x, x, x, x, x, x, x, x, x, x
ch036, 15, 15, 15, 15, 15, 15, 15, 15, 15, 15, 15, 15
ch038, 15, 15, 15, 15, 15, 15, 15, 15, 15, 15, 15, 15
ch040, 15, 15, 15, 15, 15, 15, 15, 15, 15, 15, 15, 15
ch042, 15, 15, 15, 15, 15, 15, 15, 15, 15, 15, 15, 15
ch044, 15, 15, 15, 15, 15, 15, 15, 15, 15, 15, 15, 15
ch046, 15, 15, 15, 15, 15, 15, 15, 15, 15, 15, 15, 15
ch048, 14, 14, 14, 14, 14, 14, 14, 14, 14, 14, 14, 14
ch050, x, x, x, x, x, x, x, x, x, x, x, x
ch052, 7, 7, 7, 7, 7, 7, 7, 7, 7, 7, 7, 7
ch054, 7, 7, 7, 7, 7, 7, 7, 7, 7, 7, 7, 7
ch056, 7, 7, 7, 7, 7, 7, 7, 7, 7, 7, 7, 7
ch058, 7, 7, 7, 7, 7, 7, 7, 7, 7, 7, 7, 7
ch060, 8, 8, 8, 8, 8, 8, 8, 8, 8, 8, 8, 8
ch062, 8, 8, 8, 8, 8, 8, 8, 8, 8, 8, 8, 8
ch064, 7, 7, 7, 7, 7, 7, 7, 7, 7, 7, 7, 7
ch100, 18, 18, 18, 18, 18, 18, 18, 18, 18, 18, 18, 18
ch102, 18, 18, 18, 18, 18, 18, 18, 18, 18, 18, 18, 18
ch104, 18, 18, 18, 18, 18, 18, 18, 18, 18, 18, 18, 18
ch106, 18, 18, 18, 18, 18, 18, 18, 18, 18, 18, 18, 18
ch108, 18, 18, 18, 18, 18, 18, 18, 18, 18, 18, 18, 18
ch110, 18, 18, 18, 18, 18, 18, 18, 18, 18, 18, 18, 18
ch112, 18, 18, 18, 18, 18, 18, 18, 18, 18, 18, 18, 18
ch114, x, x, x, x, x, x, x, x, x, x, x, x
ch116, 18, 18, 18, 18, 18, 18, 18, 18, 18, 18, 18, 18
ch118, 18, 18, 18, 18, 18, 18, 18, 18, 18, 18, 18, 18
ch120, 18, 18, 18, 18, 18, 18, 18, 18, 18, 18, 18, 18
ch122, 18, 18, 18, 18, 18, 18, 18, 18, 18, 18, 18, 18
ch124, 18, 18, 18, 18, 18, 18, 18, 18, 18, 18, 18, 18
ch126, 18, 18, 18, 18, 18, 18, 18, 18, 18, 18, 18, 18
ch128, 18, 18, 18, 18, 18, 18, 18, 18, 18, 18, 18, 18
ch132, 17, 17, 17, 17, 17, 17, 17, 17, 17, 17, 17, 17
ch134, 17, 17, 17, 17, 17, 17, 17, 17, 17, 17, 17, 17
ch136, 17, 17, 17, 17, 17, 17, 17, 17, 17, 17, 17, 17
ch138, 17, 17, 17, 17, 17, 17, 17, 17, 17, 17, 17, 17
ch140, 17, 17, 17, 17, 17, 17, 17, 17, 17, 17, 17, 17
ch142, 17, 17, 17, 17, 17, 17, 17, 17, 17, 17, 17, 17
ch144, 17, 17, 17, 17, 17, 17, 17, 17, 17, 17, 17, 17
ch149, x, x, x, x, x, x, x, x, x, x, x, x
ch151, x, x, x, x, x, x, x, x, x, x, x, x
ch153, x, x, x, x, x, x, x, x, x, x, x, x
ch155, x, x, x, x, x, x, x, x, x, x, x, x
ch157, x, x, x, x, x, x, x, x, x, x, x, x
ch159, x, x, x, x, x, x, x, x, x, x, x, x
ch161, x, x, x, x, x, x, x, x, x, x, x, x
ch165, x, x, x, x, x, x, x, x, x, x, x, x
</ru52>

<ru106, m0, m1, m2, m3, m4, m5, m6, m7, m8, m9, m10, m11>
ch001, 21, 21, 21, 21, 21, 21, 21, 21, 21, 21, 21, 21
ch002, 21, 21, 21, 21, 21, 21, 21, 21, 21, 21, 21, 21
ch003, 21, 21, 21, 21, 21, 21, 21, 21, 21, 21, 21, 21
ch004, 21, 21, 21, 21, 21, 21, 21, 21, 21, 21, 21, 21
ch005, 21, 21, 21, 21, 21, 21, 21, 21, 21, 21, 21, 21
ch006, 21, 21, 21, 21, 21, 21, 21, 21, 21, 21, 21, 21
ch007, 21, 21, 21, 21, 21, 21, 21, 21, 21, 21, 21, 21
ch008, 21, 21, 21, 21, 21, 21, 21, 21, 21, 21, 21, 21
ch009, 21, 21, 21, 21, 21, 21, 21, 21, 21, 21, 21, 21
ch010, 20, 20, 20, 20, 20, 20, 20, 20, 20, 20, 20, 20
ch011, 20, 20, 20, 20, 20, 20, 20, 20, 20, 20, 20, 20
ch012, 20, 20, 20, 20, 20, 20, 20, 20, 20, 20, 20, 20
ch013, 20, 20, 20, 20, 20, 20, 20, 20, 20, 20, 20, 20
ch014, x, x, x, x, x, x, x, x, x, x, x, x
ch036, 21, 21, 21, 21, 21, 21, 21, 21, 21, 21, 21, 21
ch038, 21, 21, 21, 21, 21, 21, 21, 21, 21, 21, 21, 21
ch040, 21, 21, 21, 21, 21, 21, 21, 21, 21, 21, 21, 21
ch042, 21, 21, 21, 21, 21, 21, 21, 21, 21, 21, 21, 21
ch044, 21, 21, 21, 21, 21, 21, 21, 21, 21, 21, 21, 21
ch046, 21, 21, 21, 21, 21, 21, 21, 21, 21, 21, 21, 21
ch048, 20, 20, 20, 20, 20, 20, 20, 20, 20, 20, 20, 20
ch050, x, x, x, x, x, x, x, x, x, x, x, x
ch052, 11, 11, 11, 11, 11, 11, 11, 11, 11, 11, 11, 11
ch054, 11, 11, 11, 11, 11, 11, 11, 11, 11, 11, 11, 11
ch056, 11, 11, 11, 11, 11, 11, 11, 11, 11, 11, 11, 11
ch058, 11, 11, 11, 11, 11, 11, 11, 11, 11, 11, 11, 11
ch060, 13, 13, 13, 13, 13, 13, 13, 13, 13, 13, 13, 13
ch062, 13, 13, 13, 13, 13, 13, 13, 13, 13, 13, 13, 13
ch064, 12, 12, 12, 12, 12, 12, 12, 12, 12, 12, 12, 12
ch100, 26, 26, 26, 26, 26, 26, 26, 26, 26, 26, 26, 26
ch102, 26, 26, 26, 26, 26, 26, 26, 26, 26, 26, 26, 26
ch104, 26, 26, 26, 26, 26, 26, 26, 26, 26, 26, 26, 26
ch106, 26, 26, 26, 26, 26, 26, 26, 26, 26, 26, 26, 26
ch108, 26, 26, 26, 26, 26, 26, 26, 26, 26, 26, 26, 26
ch110, 26, 26, 26, 26, 26, 26, 26, 26, 26, 26, 26, 26
ch112, 26, 26, 26, 26, 26, 26, 26, 26, 26, 26, 26, 26
ch114, x, x, x, x, x, x, x, x, x, x, x, x
ch116, 24, 24, 24, 24, 24, 24, 24, 24, 24, 24, 24, 24
ch118, 24, 24, 24, 24, 24, 24, 24, 24, 24, 24, 24, 24
ch120, 24, 24, 24, 24, 24, 24, 24, 24, 24, 24, 24, 24
ch122, 24, 24, 24, 24, 24, 24, 24, 24, 24, 24, 24, 24
ch124, 24, 24, 24, 24, 24, 24, 24, 24, 24, 24, 24, 24
ch126, 24, 24, 24, 24, 24, 24, 24, 24, 24, 24, 24, 24
ch128, 24, 24, 24, 24, 24, 24, 24, 24, 24, 24, 24, 24
ch132, 23, 23, 23, 23, 23, 23, 23, 23, 23, 23, 23, 23
ch134, 23, 23, 23, 23, 23, 23, 23, 23, 23, 23, 23, 23
ch136, 23, 23, 23, 23, 23, 23, 23, 23, 23, 23, 23, 23
ch138, 23, 23, 23, 23, 23, 23, 23, 23, 23, 23, 23, 23
ch140, 23, 23, 23, 23, 23, 23, 23, 23, 23, 23, 23, 23
ch142, 23, 23, 23, 23, 23, 23, 23, 23, 23, 23, 23, 23
ch144, 23, 23, 23, 23, 23, 23, 23, 23, 23, 23, 23, 23
ch149, x, x, x, x, x, x, x, x, x, x, x, x
ch151, x, x, x, x, x, x, x, x, x, x, x, x
ch153, x, x, x, x, x, x, x, x, x, x, x, x
ch155, x, x, x, x, x, x, x, x, x, x, x, x
ch157, x, x, x, x, x, x, x, x, x, x, x, x
ch159, x, x, x, x, x, x, x, x, x, x, x, x
ch161, x, x, x, x, x, x, x, x, x, x, x, x
ch165, x, x, x, x, x, x, x, x, x, x, x, x
</ru106>

<ru242, m0, m1, m2, m3, m4, m5, m6, m7, m8, m9, m10, m11>
ch001, 27, 27, 27, 27, 27, 27, 27, 27, 27, 27, 27, 27
ch002, 27, 27, 27, 27, 27, 27, 27, 27, 27, 27, 27, 27
ch003, 25, 25, 25, 25, 25, 25, 25, 25, 25, 25, 25, 25
ch004, 25, 25, 25, 25, 25, 25, 25, 25, 25, 25, 25, 25
ch005, 25, 25, 25, 25, 25, 25, 25, 25, 25, 25, 25, 25
ch006, 25, 25, 25, 25, 25, 25, 25, 25, 25, 25, 25, 25
ch007, 25, 25, 25, 25, 25, 25, 25, 25, 25, 25, 25, 25
ch008, 25, 25, 25, 25, 25, 25, 25, 25, 25, 25, 25, 25
ch009, 25, 25, 25, 25, 25, 25, 25, 25, 25, 25, 25, 25
ch010, 25, 25, 25, 25, 25, 25, 25, 25, 25, 25, 25, 25
ch011, 25, 25, 25, 25, 25, 25, 25, 25, 25, 25, 25, 25
ch012, 25, 25, 25, 25, 25, 25, 25, 25, 25, 25, 25, 25
ch013, 25, 25, 25, 25, 25, 25, 25, 25, 25, 25, 25, 25
ch014, x, x, x, x, x, x, x, x, x, x, x, x
ch036, 26, 26, 26, 26, 26, 26, 26, 26, 26, 26, 26, 26
ch038, 18, 18, 18, 18, 18, 18, 18, 18, 18, 18, 18, 18
ch040, 26, 26, 26, 26, 26, 26, 26, 26, 26, 26, 26, 26
ch042, 18, 18, 18, 18, 18, 18, 18, 18, 18, 18, 18, 18
ch044, 26, 26, 26, 26, 26, 26, 26, 26, 26, 26, 26, 26
ch046, 18, 18, 18, 18, 18, 18, 18, 18, 18, 18, 18, 18
ch048, 26, 26, 26, 26, 26, 26, 26, 26, 26, 26, 26, 26
ch050, x, x, x, x, x, x, x, x, x, x, x, x
ch052, 21, 21, 21, 21, 21, 21, 21, 21, 21, 21, 21, 21
ch054, 13, 13, 13, 13, 13, 13, 13, 13, 13, 13, 13, 13
ch056, 21, 21, 21, 21, 21, 21, 21, 21, 21, 21, 21, 21
ch058, 13, 13, 13, 13, 13, 13, 13, 13, 13, 13, 13, 13
ch060, 22, 22, 22, 22, 22, 22, 22, 22, 22, 22, 22, 22
ch062, 14, 14, 14, 14, 14, 14, 14, 14, 14, 14, 14, 14
ch064, 22, 22, 22, 22, 22, 22, 22, 22, 22, 22, 22, 22
ch100, 30, 30, 30, 30, 30, 30, 30, 30, 30, 30, 30, 30
ch102, 26, 26, 26, 26, 26, 26, 26, 26, 26, 26, 26, 26
ch104, 30, 30, 30, 30, 30, 30, 30, 30, 30, 30, 30, 30
ch106, 26, 26, 26, 26, 26, 26, 26, 26, 26, 26, 26, 26
ch108, 30, 30, 30, 30, 30, 30, 30, 30, 30, 30, 30, 30
ch110, 26, 26, 26, 26, 26, 26, 26, 26, 26, 26, 26, 26
ch112, 30, 30, 30, 30, 30, 30, 30, 30, 30, 30, 30, 30
ch114, x, x, x, x, x, x, x, x, x, x, x, x
ch116, 30, 30, 30, 30, 30, 30, 30, 30, 30, 30, 30, 30
ch118, 25, 25, 25, 25, 25, 25, 25, 25, 25, 25, 25, 25
ch120, 30, 30, 30, 30, 30, 30, 30, 30, 30, 30, 30, 30
ch122, 25, 25, 25, 25, 25, 25, 25, 25, 25, 25, 25, 25
ch124, 30, 30, 30, 30, 30, 30, 30, 30, 30, 30, 30, 30
ch126, 25, 25, 25, 25, 25, 25, 25, 25, 25, 25, 25, 25
ch128, 30, 30, 30, 30, 30, 30, 30, 30, 30, 30, 30, 30
ch132, 30, 30, 30, 30, 30, 30, 30, 30, 30, 30, 30, 30
ch134, 25, 25, 25, 25, 25, 25, 25, 25, 25, 25, 25, 25
ch136, 30, 30, 30, 30, 30, 30, 30, 30, 30, 30, 30, 30
ch138, 25, 25, 25, 25, 25, 25, 25, 25, 25, 25, 25, 25
ch140, 30, 30, 30, 30, 30, 30, 30, 30, 30, 30, 30, 30
ch142, 25, 25, 25, 25, 25, 25, 25, 25, 25, 25, 25, 25
ch144, 31, 31, 31, 31, 31, 31, 31, 31, 31, 31, 31, 31
ch149, x, x, x, x, x, x, x, x, x, x, x, x
ch151, x, x, x, x, x, x, x, x, x, x, x, x
ch153, x, x, x, x, x, x, x, x, x, x, x, x
ch155, x, x, x, x, x, x, x, x, x, x, x, x
ch157, x, x, x, x, x, x, x, x, x, x, x, x
ch159, x, x, x, x, x, x, x, x, x, x, x, x
ch161, x, x, x, x, x, x, x, x, x, x, x, x
ch165, x, x, x, x, x, x, x, x, x, x, x, x
</ru242>

<ru484, m0, m1, m2, m3, m4, m5, m6, m7, m8, m9, m10, m11>
ch038, 24, 24, 24, 24, 24, 24, 24, 24, 24, 24, 24, 24
ch042, 11, 11, 11, 11, 11, 11, 11, 11, 11, 11, 11, 11
ch046, 25, 25, 25, 25, 25, 25, 25, 25, 25, 25, 25, 25
ch050, x, x, x, x, x, x, x, x, x, x, x, x
ch054, 20, 20, 20, 20, 20, 20, 20, 20, 20, 20, 20, 20
ch058, 15, 15, 15, 15, 15, 15, 15, 15, 15, 15, 15, 15
ch062, 21, 21, 21, 21, 21, 21, 21, 21, 21, 21, 21, 21
ch102, 33, 33, 33, 33, 33, 33, 33, 33, 33, 33, 33, 33
ch106, 26, 26, 26, 26, 26, 26, 26, 26, 26, 26, 26, 26
ch110, 33, 33, 33, 33, 33, 33, 33, 33, 33, 33, 33, 33
ch114, x, x, x, x, x, x, x, x, x, x, x, x
ch118, 31, 31, 31, 31, 31, 31, 31, 31, 31, 31, 31, 31
ch122, 25, 25, 25, 25, 25, 25, 25, 25, 25, 25, 25, 25
ch126, 31, 31, 31, 31, 31, 31, 31, 31, 31, 31, 31, 31
ch134, 32, 32, 32, 32, 32, 32, 32, 32, 32, 32, 32, 32
ch138, 25, 25, 25, 25, 25, 25, 25, 25, 25, 25, 25, 25
ch142, 32, 32, 32, 32, 32, 32, 32, 32, 32, 32, 32, 32
ch151, x, x, x, x, x, x, x, x, x, x, x, x
ch155, x, x, x, x, x, x, x, x, x, x, x, x
ch159, x, x, x, x, x, x, x, x, x, x, x, x
</ru484>

<ru996, m0, m1, m2, m3, m4, m5, m6, m7, m8, m9, m10, m11> 
ch042, 24, 24, 24, 24, 24, 24, 24, 24, 24, 24, 24, 24
ch050, x, x, x, x, x, x, x, x, x, x, x, x
ch058, 20, 20, 20, 20, 20, 20, 20, 20, 20, 20, 20, 20
ch106, 30, 30, 30, 30, 30, 30, 30, 30, 30, 30, 30, 30
ch114, x, x, x, x, x, x, x, x, x, x, x, x
ch122, 30, 30, 30, 30, 30, 30, 30, 30, 30, 30, 30, 30
ch138, 29, 29, 29, 29, 29, 29, 29, 29, 29, 29, 29, 29
ch155, x, x, x, x, x, x, x, x, x, x, x, x
</ru996>

[AU,NZ]
<cck,  c1, c2, c5, c11>
ch001, 22, 22, 22, 22
ch002, 22, 22, 22, 22
ch003, 22, 22, 22, 22
ch004, 22, 22, 22, 22
ch005, 22, 22, 22, 22
ch006, 22, 22, 22, 22
ch007, 22, 22, 22, 22
ch008, 22, 22, 22, 22
ch009, 22, 22, 22, 22
ch010, 22, 22, 22, 22
ch011, 22, 22, 22, 22
ch012, 22, 22, 22, 22
ch013, 22, 22, 22, 22
ch014, x, x, x, x
</cck>

<ofdm, o6, o9, o12, o18, o24, o36, o48, o54>
ch001, 27, 27, 27, 27, 27, 27, 27, 27
ch002, 27, 27, 27, 27, 27, 27, 27, 27
ch003, 27, 27, 27, 27, 27, 27, 27, 27
ch004, 27, 27, 27, 27, 27, 27, 27, 27
ch005, 27, 27, 27, 27, 27, 27, 27, 27
ch006, 27, 27, 27, 27, 27, 27, 27, 27
ch007, 27, 27, 27, 27, 27, 27, 27, 27
ch008, 27, 27, 27, 27, 27, 27, 27, 27
ch009, 27, 27, 27, 27, 27, 27, 27, 27
ch010, 27, 27, 27, 27, 27, 27, 27, 27
ch011, 27, 27, 27, 27, 27, 27, 27, 27
ch012, 27, 27, 27, 27, 27, 27, 27, 27
ch013, 27, 27, 27, 27, 27, 27, 27, 27
ch014, x, x, x, x, x, x, x, x
ch036, 26, 26, 26, 26, 26, 26, 26, 26
ch038, 26, 26, 26, 26, 26, 26, 26, 26
ch040, 26, 26, 26, 26, 26, 26, 26, 26
ch042, 26, 26, 26, 26, 26, 26, 26, 26
ch044, 26, 26, 26, 26, 26, 26, 26, 26
ch046, 26, 26, 26, 26, 26, 26, 26, 26
ch048, 26, 26, 26, 26, 26, 26, 26, 26
ch050, x, x, x, x, x, x, x, x
ch052, 22, 22, 22, 22, 22, 22, 22, 22
ch054, 22, 22, 22, 22, 22, 22, 22, 22
ch056, 22, 22, 22, 22, 22, 22, 22, 22
ch058, 22, 22, 22, 22, 22, 22, 22, 22
ch060, 22, 22, 22, 22, 22, 22, 22, 22
ch062, 22, 22, 22, 22, 22, 22, 22, 22
ch064, 22, 22, 22, 22, 22, 22, 22, 22
ch100, 17, 17, 17, 17, 17, 17, 17, 17
ch102, 17, 17, 17, 17, 17, 17, 17, 17
ch104, 17, 17, 17, 17, 17, 17, 17, 17
ch106, 17, 17, 17, 17, 17, 17, 17, 17
ch108, 17, 17, 17, 17, 17, 17, 17, 17
ch110, 17, 17, 17, 17, 17, 17, 17, 17
ch112, 17, 17, 17, 17, 17, 17, 17, 17
ch114, x, x, x, x, x, x, x, x
ch116, 17, 17, 17, 17, 17, 17, 17, 17
ch118, x, x, x, x, x, x, x, x
ch120, x, x, x, x, x, x, x, x
ch122, x, x, x, x, x, x, x, x
ch124, x, x, x, x, x, x, x, x
ch126, x, x, x, x, x, x, x, x
ch128, x, x, x, x, x, x, x, x
ch132, 19, 19, 19, 19, 19, 19, 19, 19
ch134, 19, 19, 19, 19, 19, 19, 19, 19
ch136, 19, 19, 19, 19, 19, 19, 19, 19
ch138, 19, 19, 19, 19, 19, 19, 19, 19
ch140, 19, 19, 19, 19, 19, 19, 19, 19
ch142, 19, 19, 19, 19, 19, 19, 19, 19
ch144, 32, 32, 32, 32, 32, 32, 32, 32
ch149, 33, 33, 33, 33, 33, 33, 33, 33
ch151, 33, 33, 33, 33, 33, 33, 33, 33
ch153, 33, 33, 33, 33, 33, 33, 33, 33
ch155, 33, 33, 33, 33, 33, 33, 33, 33
ch157, 33, 33, 33, 33, 33, 33, 33, 33
ch159, 33, 33, 33, 33, 33, 33, 33, 33
ch161, 33, 33, 33, 33, 33, 33, 33, 33
ch165, 33, 33, 33, 33, 33, 33, 33, 33
</ofdm>

<ht20, m0, m1, m2, m3, m4, m5, m6, m7>
ch001, 28, 28, 28, 28, 28, 28, 28, 28
ch002, 28, 28, 28, 28, 28, 28, 28, 28
ch003, 28, 28, 28, 28, 28, 28, 28, 28
ch004, 28, 28, 28, 28, 28, 28, 28, 28
ch005, 28, 28, 28, 28, 28, 28, 28, 28
ch006, 28, 28, 28, 28, 28, 28, 28, 28
ch007, 28, 28, 28, 28, 28, 28, 28, 28
ch008, 28, 28, 28, 28, 28, 28, 28, 28
ch009, 28, 28, 28, 28, 28, 28, 28, 28
ch010, 27, 27, 27, 27, 27, 27, 27, 27
ch011, 27, 27, 27, 27, 27, 27, 27, 27
ch012, 27, 27, 27, 27, 27, 27, 27, 27
ch013, 27, 27, 27, 27, 27, 27, 27, 27
ch014, x, x, x, x, x, x, x, x
ch036, 27, 27, 27, 27, 27, 27, 27, 27
ch038, 27, 27, 27, 27, 27, 27, 27, 27
ch040, 27, 27, 27, 27, 27, 27, 27, 27
ch042, 27, 27, 27, 27, 27, 27, 27, 27
ch044, 27, 27, 27, 27, 27, 27, 27, 27
ch046, 27, 27, 27, 27, 27, 27, 27, 27
ch048, 27, 27, 27, 27, 27, 27, 27, 27
ch050, x, x, x, x, x, x, x, x
ch052, 23, 23, 23, 23, 23, 23, 23, 23
ch054, 23, 23, 23, 23, 23, 23, 23, 23
ch056, 23, 23, 23, 23, 23, 23, 23, 23
ch058, 23, 23, 23, 23, 23, 23, 23, 23
ch060, 23, 23, 23, 23, 23, 23, 23, 23
ch062, 23, 23, 23, 23, 23, 23, 23, 23
ch064, 23, 23, 23, 23, 23, 23, 23, 23
ch100, 20, 20, 20, 20, 20, 20, 20, 20
ch102, 20, 20, 20, 20, 20, 20, 20, 20
ch104, 20, 20, 20, 20, 20, 20, 20, 20
ch106, 20, 20, 20, 20, 20, 20, 20, 20
ch108, 20, 20, 20, 20, 20, 20, 20, 20
ch110, 20, 20, 20, 20, 20, 20, 20, 20
ch112, 20, 20, 20, 20, 20, 20, 20, 20
ch114, x, x, x, x, x, x, x, x
ch116, 20, 20, 20, 20, 20, 20, 20, 20
ch118, x, x, x, x, x, x, x, x
ch120, x, x, x, x, x, x, x, x
ch122, x, x, x, x, x, x, x, x
ch124, x, x, x, x, x, x, x, x
ch126, x, x, x, x, x, x, x, x
ch128, x, x, x, x, x, x, x, x
ch132, 21, 21, 21, 21, 21, 21, 21, 21
ch134, 21, 21, 21, 21, 21, 21, 21, 21
ch136, 21, 21, 21, 21, 21, 21, 21, 21
ch138, 21, 21, 21, 21, 21, 21, 21, 21
ch140, 21, 21, 21, 21, 21, 21, 21, 21
ch142, 21, 21, 21, 21, 21, 21, 21, 21
ch144, 29, 29, 29, 29, 29, 29, 29, 29
ch149, 29, 29, 29, 29, 29, 29, 29, 29
ch151, 29, 29, 29, 29, 29, 29, 29, 29
ch153, 29, 29, 29, 29, 29, 29, 29, 29
ch155, 29, 29, 29, 29, 29, 29, 29, 29
ch157, 29, 29, 29, 29, 29, 29, 29, 29
ch159, 29, 29, 29, 29, 29, 29, 29, 29
ch161, 29, 29, 29, 29, 29, 29, 29, 29
ch165, 29, 29, 29, 29, 29, 29, 29, 29
</ht20>

<ht40, m0, m1, m2, m3, m4, m5, m6, m7, m32> 
ch038, 28, 28, 28, 28, 28, 28, 28, 28, 28
ch042, 28, 28, 28, 28, 28, 28, 28, 28, 28
ch046, 28, 28, 28, 28, 28, 28, 28, 28, 28
ch050, x, x, x, x, x, x, x, x, x
ch054, 25, 25, 25, 25, 25, 25, 25, 25, 25
ch058, 25, 25, 25, 25, 25, 25, 25, 25, 25
ch062, 25, 25, 25, 25, 25, 25, 25, 25, 25
ch102, 22, 22, 22, 22, 22, 22, 22, 22, 22
ch106, 22, 22, 22, 22, 22, 22, 22, 22, 22
ch110, 22, 22, 22, 22, 22, 22, 22, 22, 22
ch114, x, x, x, x, x, x, x, x, x
ch118, x, x, x, x, x, x, x, x, x
ch122, x, x, x, x, x, x, x, x, x
ch126, x, x, x, x, x, x, x, x, x
ch134, 23, 23, 23, 23, 23, 23, 23, 23, 23
ch138, 23, 23, 23, 23, 23, 23, 23, 23, 23
ch142, 29, 29, 29, 29, 29, 29, 29, 29, 29
ch151, 29, 29, 29, 29, 29, 29, 29, 29, 29
ch155, 29, 29, 29, 29, 29, 29, 29, 29, 29
ch159, 29, 29, 29, 29, 29, 29, 29, 29, 29
</ht40>

<vht20, m0, m1, m2, m3, m4, m5, m6, m7, m8, m9>
ch001, 28, 28, 28, 28, 28, 28, 28, 28, 28, 28
ch002, 28, 28, 28, 28, 28, 28, 28, 28, 28, 28
ch003, 28, 28, 28, 28, 28, 28, 28, 28, 28, 28
ch004, 28, 28, 28, 28, 28, 28, 28, 28, 28, 28
ch005, 28, 28, 28, 28, 28, 28, 28, 28, 28, 28
ch006, 28, 28, 28, 28, 28, 28, 28, 28, 28, 28
ch007, 28, 28, 28, 28, 28, 28, 28, 28, 28, 28
ch008, 28, 28, 28, 28, 28, 28, 28, 28, 28, 28
ch009, 28, 28, 28, 28, 28, 28, 28, 28, 28, 28
ch010, 27, 27, 27, 27, 27, 27, 27, 27, 27, 27
ch011, 27, 27, 27, 27, 27, 27, 27, 27, 27, 27
ch012, 27, 27, 27, 27, 27, 27, 27, 27, 27, 27
ch013, 27, 27, 27, 27, 27, 27, 27, 27, 27, 27
ch014, x, x, x, x, x, x, x, x, x, x
ch036, 27, 27, 27, 27, 27, 27, 27, 27, 27, 27
ch038, 27, 27, 27, 27, 27, 27, 27, 27, 27, 27
ch040, 27, 27, 27, 27, 27, 27, 27, 27, 27, 27
ch042, 27, 27, 27, 27, 27, 27, 27, 27, 27, 27
ch044, 27, 27, 27, 27, 27, 27, 27, 27, 27, 27
ch046, 27, 27, 27, 27, 27, 27, 27, 27, 27, 27
ch048, 27, 27, 27, 27, 27, 27, 27, 27, 27, 27
ch050, x, x, x, x, x, x, x, x, x, x
ch052, 23, 23, 23, 23, 23, 23, 23, 23, 23, 23
ch054, 23, 23, 23, 23, 23, 23, 23, 23, 23, 23
ch056, 23, 23, 23, 23, 23, 23, 23, 23, 23, 23
ch058, 23, 23, 23, 23, 23, 23, 23, 23, 23, 23
ch060, 23, 23, 23, 23, 23, 23, 23, 23, 23, 23
ch062, 23, 23, 23, 23, 23, 23, 23, 23, 23, 23
ch064, 23, 23, 23, 23, 23, 23, 23, 23, 23, 23
ch100, 20, 20, 20, 20, 20, 20, 20, 20, 20, 20
ch102, 20, 20, 20, 20, 20, 20, 20, 20, 20, 20
ch104, 20, 20, 20, 20, 20, 20, 20, 20, 20, 20
ch106, 20, 20, 20, 20, 20, 20, 20, 20, 20, 20
ch108, 20, 20, 20, 20, 20, 20, 20, 20, 20, 20
ch110, 20, 20, 20, 20, 20, 20, 20, 20, 20, 20
ch112, 20, 20, 20, 20, 20, 20, 20, 20, 20, 20
ch114, x, x, x, x, x, x, x, x, x, x
ch116, 20, 20, 20, 20, 20, 20, 20, 20, 20, 20
ch118, x, x, x, x, x, x, x, x, x, x
ch120, x, x, x, x, x, x, x, x, x, x
ch122, x, x, x, x, x, x, x, x, x, x
ch124, x, x, x, x, x, x, x, x, x, x
ch126, x, x, x, x, x, x, x, x, x, x
ch128, x, x, x, x, x, x, x, x, x, x
ch132, 21, 21, 21, 21, 21, 21, 21, 21, 21, 21
ch134, 21, 21, 21, 21, 21, 21, 21, 21, 21, 21
ch136, 21, 21, 21, 21, 21, 21, 21, 21, 21, 21
ch138, 21, 21, 21, 21, 21, 21, 21, 21, 21, 21
ch140, 21, 21, 21, 21, 21, 21, 21, 21, 21, 21
ch142, 21, 21, 21, 21, 21, 21, 21, 21, 21, 21
ch144, 29, 29, 29, 29, 29, 29, 29, 29, 29, 29
ch149, 29, 29, 29, 29, 29, 29, 29, 29, 29, 29
ch151, 29, 29, 29, 29, 29, 29, 29, 29, 29, 29
ch153, 29, 29, 29, 29, 29, 29, 29, 29, 29, 29
ch155, 29, 29, 29, 29, 29, 29, 29, 29, 29, 29
ch157, 29, 29, 29, 29, 29, 29, 29, 29, 29, 29
ch159, 29, 29, 29, 29, 29, 29, 29, 29, 29, 29
ch161, 29, 29, 29, 29, 29, 29, 29, 29, 29, 29
ch165, 29, 29, 29, 29, 29, 29, 29, 29, 29, 29
</vht20>

<vht40, m0, m1, m2, m3, m4, m5, m6, m7, m8, m9>
ch038, 28, 28, 28, 28, 28, 28, 28, 28, 28, 28
ch042, 28, 28, 28, 28, 28, 28, 28, 28, 28, 28
ch046, 28, 28, 28, 28, 28, 28, 28, 28, 28, 28
ch050, x, x, x, x, x, x, x, x, x, x
ch054, 25, 25, 25, 25, 25, 25, 25, 25, 25, 25
ch058, 25, 25, 25, 25, 25, 25, 25, 25, 25, 25
ch062, 25, 25, 25, 25, 25, 25, 25, 25, 25, 25
ch102, 22, 22, 22, 22, 22, 22, 22, 22, 22, 22
ch106, 22, 22, 22, 22, 22, 22, 22, 22, 22, 22
ch110, 22, 22, 22, 22, 22, 22, 22, 22, 22, 22
ch114, x, x, x, x, x, x, x, x, x, x
ch118, x, x, x, x, x, x, x, x, x, x
ch122, x, x, x, x, x, x, x, x, x, x
ch126, x, x, x, x, x, x, x, x, x, x
ch134, 23, 23, 23, 23, 23, 23, 23, 23, 23, 23
ch138, 23, 23, 23, 23, 23, 23, 23, 23, 23, 23
ch142, 29, 29, 29, 29, 29, 29, 29, 29, 29, 29
ch151, 29, 29, 29, 29, 29, 29, 29, 29, 29, 29
ch155, 29, 29, 29, 29, 29, 29, 29, 29, 29, 29
ch159, 29, 29, 29, 29, 29, 29, 29, 29, 29, 29
</vht40>

<vht80, m0, m1, m2, m3, m4, m5, m6, m7, m8, m9> 
ch042, 29, 29, 29, 29, 29, 29, 29, 29, 29, 29
ch050, x, x, x, x, x, x, x, x, x, x
ch058, 24, 24, 24, 24, 24, 24, 24, 24, 24, 24
ch106, 23, 23, 23, 23, 23, 23, 23, 23, 23, 23
ch114, x, x, x, x, x, x, x, x, x, x
ch122, x, x, x, x, x, x, x, x, x, x
ch138, 29, 29, 29, 29, 29, 29, 29, 29, 29, 29
ch155, 29, 29, 29, 29, 29, 29, 29, 29, 29, 29
</vht80>

<ru26, m0, m1, m2, m3, m4, m5, m6, m7, m8, m9, m10, m11>
ch001, 12, 12, 12, 12, 12, 12, 12, 12, 12, 12, 12, 12
ch002, 12, 12, 12, 12, 12, 12, 12, 12, 12, 12, 12, 12
ch003, 11, 11, 11, 11, 11, 11, 11, 11, 11, 11, 11, 11
ch004, 11, 11, 11, 11, 11, 11, 11, 11, 11, 11, 11, 11
ch005, 11, 11, 11, 11, 11, 11, 11, 11, 11, 11, 11, 11
ch006, 11, 11, 11, 11, 11, 11, 11, 11, 11, 11, 11, 11
ch007, 11, 11, 11, 11, 11, 11, 11, 11, 11, 11, 11, 11
ch008, 11, 11, 11, 11, 11, 11, 11, 11, 11, 11, 11, 11
ch009, 11, 11, 11, 11, 11, 11, 11, 11, 11, 11, 11, 11
ch010, 11, 11, 11, 11, 11, 11, 11, 11, 11, 11, 11, 11
ch011, 11, 11, 11, 11, 11, 11, 11, 11, 11, 11, 11, 11
ch012, 11, 11, 11, 11, 11, 11, 11, 11, 11, 11, 11, 11
ch013, 11, 11, 11, 11, 11, 11, 11, 11, 11, 11, 11, 11
ch014, x, x, x, x, x, x, x, x, x, x, x, x
ch036, 13, 13, 13, 13, 13, 13, 13, 13, 13, 13, 13, 13
ch038, 13, 13, 13, 13, 13, 13, 13, 13, 13, 13, 13, 13
ch040, 13, 13, 13, 13, 13, 13, 13, 13, 13, 13, 13, 13
ch042, 13, 13, 13, 13, 13, 13, 13, 13, 13, 13, 13, 13
ch044, 13, 13, 13, 13, 13, 13, 13, 13, 13, 13, 13, 13
ch046, 13, 13, 13, 13, 13, 13, 13, 13, 13, 13, 13, 13
ch048, 13, 13, 13, 13, 13, 13, 13, 13, 13, 13, 13, 13
ch050, x, x, x, x, x, x, x, x, x, x, x, x
ch052, 6, 6, 6, 6, 6, 6, 6, 6, 6, 6, 6, 6
ch054, 6, 6, 6, 6, 6, 6, 6, 6, 6, 6, 6, 6
ch056, 6, 6, 6, 6, 6, 6, 6, 6, 6, 6, 6, 6
ch058, 6, 6, 6, 6, 6, 6, 6, 6, 6, 6, 6, 6
ch060, 6, 6, 6, 6, 6, 6, 6, 6, 6, 6, 6, 6
ch062, 6, 6, 6, 6, 6, 6, 6, 6, 6, 6, 6, 6
ch064, 6, 6, 6, 6, 6, 6, 6, 6, 6, 6, 6, 6
ch100, 6, 6, 6, 6, 6, 6, 6, 6, 6, 6, 6, 6
ch102, 6, 6, 6, 6, 6, 6, 6, 6, 6, 6, 6, 6
ch104, 6, 6, 6, 6, 6, 6, 6, 6, 6, 6, 6, 6
ch106, 6, 6, 6, 6, 6, 6, 6, 6, 6, 6, 6, 6
ch108, 6, 6, 6, 6, 6, 6, 6, 6, 6, 6, 6, 6
ch110, 6, 6, 6, 6, 6, 6, 6, 6, 6, 6, 6, 6
ch112, 6, 6, 6, 6, 6, 6, 6, 6, 6, 6, 6, 6
ch114, x, x, x, x, x, x, x, x, x, x, x, x
ch116, 6, 6, 6, 6, 6, 6, 6, 6, 6, 6, 6, 6
ch118, x, x, x, x, x, x, x, x, x, x, x, x
ch120, x, x, x, x, x, x, x, x, x, x, x, x
ch122, x, x, x, x, x, x, x, x, x, x, x, x
ch124, x, x, x, x, x, x, x, x, x, x, x, x
ch126, x, x, x, x, x, x, x, x, x, x, x, x
ch128, x, x, x, x, x, x, x, x, x, x, x, x
ch132, 7, 7, 7, 7, 7, 7, 7, 7, 7, 7, 7, 7
ch134, 7, 7, 7, 7, 7, 7, 7, 7, 7, 7, 7, 7
ch136, 7, 7, 7, 7, 7, 7, 7, 7, 7, 7, 7, 7
ch138, 7, 7, 7, 7, 7, 7, 7, 7, 7, 7, 7, 7
ch140, 7, 7, 7, 7, 7, 7, 7, 7, 7, 7, 7, 7
ch142, 7, 7, 7, 7, 7, 7, 7, 7, 7, 7, 7, 7
ch144, 11, 11, 11, 11, 11, 11, 11, 11, 11, 11, 11, 11
ch149, 13, 13, 13, 13, 13, 13, 13, 13, 13, 13, 13, 13
ch151, 13, 13, 13, 13, 13, 13, 13, 13, 13, 13, 13, 13
ch153, 13, 13, 13, 13, 13, 13, 13, 13, 13, 13, 13, 13
ch155, 15, 15, 15, 15, 15, 15, 15, 15, 15, 15, 15, 15
ch157, 15, 15, 15, 15, 15, 15, 15, 15, 15, 15, 15, 15
ch159, 14, 14, 14, 14, 14, 14, 14, 14, 14, 14, 14, 14
ch161, 14, 14, 14, 14, 14, 14, 14, 14, 14, 14, 14, 14
ch165, 14, 14, 14, 14, 14, 14, 14, 14, 14, 14, 14, 14
</ru26>

<ru52, m0, m1, m2, m3, m4, m5, m6, m7, m8, m9, m10, m11>
ch001, 17, 17, 17, 17, 17, 17, 17, 17, 17, 17, 17, 17
ch002, 17, 17, 17, 17, 17, 17, 17, 17, 17, 17, 17, 17
ch003, 16, 16, 16, 16, 16, 16, 16, 16, 16, 16, 16, 16
ch004, 16, 16, 16, 16, 16, 16, 16, 16, 16, 16, 16, 16
ch005, 16, 16, 16, 16, 16, 16, 16, 16, 16, 16, 16, 16
ch006, 16, 16, 16, 16, 16, 16, 16, 16, 16, 16, 16, 16
ch007, 16, 16, 16, 16, 16, 16, 16, 16, 16, 16, 16, 16
ch008, 16, 16, 16, 16, 16, 16, 16, 16, 16, 16, 16, 16
ch009, 16, 16, 16, 16, 16, 16, 16, 16, 16, 16, 16, 16
ch010, 16, 16, 16, 16, 16, 16, 16, 16, 16, 16, 16, 16
ch011, 16, 16, 16, 16, 16, 16, 16, 16, 16, 16, 16, 16
ch012, 16, 16, 16, 16, 16, 16, 16, 16, 16, 16, 16, 16
ch013, 16, 16, 16, 16, 16, 16, 16, 16, 16, 16, 16, 16
ch014, x, x, x, x, x, x, x, x, x, x, x, x
ch036, 18, 18, 18, 18, 18, 18, 18, 18, 18, 18, 18, 18
ch038, 18, 18, 18, 18, 18, 18, 18, 18, 18, 18, 18, 18
ch040, 18, 18, 18, 18, 18, 18, 18, 18, 18, 18, 18, 18
ch042, 18, 18, 18, 18, 18, 18, 18, 18, 18, 18, 18, 18
ch044, 18, 18, 18, 18, 18, 18, 18, 18, 18, 18, 18, 18
ch046, 18, 18, 18, 18, 18, 18, 18, 18, 18, 18, 18, 18
ch048, 18, 18, 18, 18, 18, 18, 18, 18, 18, 18, 18, 18
ch050, x, x, x, x, x, x, x, x, x, x, x, x
ch052, 12, 12, 12, 12, 12, 12, 12, 12, 12, 12, 12, 12
ch054, 12, 12, 12, 12, 12, 12, 12, 12, 12, 12, 12, 12
ch056, 12, 12, 12, 12, 12, 12, 12, 12, 12, 12, 12, 12
ch058, 12, 12, 12, 12, 12, 12, 12, 12, 12, 12, 12, 12
ch060, 12, 12, 12, 12, 12, 12, 12, 12, 12, 12, 12, 12
ch062, 12, 12, 12, 12, 12, 12, 12, 12, 12, 12, 12, 12
ch064, 12, 12, 12, 12, 12, 12, 12, 12, 12, 12, 12, 12
ch100, 11, 11, 11, 11, 11, 11, 11, 11, 11, 11, 11, 11
ch102, 11, 11, 11, 11, 11, 11, 11, 11, 11, 11, 11, 11
ch104, 11, 11, 11, 11, 11, 11, 11, 11, 11, 11, 11, 11
ch106, 11, 11, 11, 11, 11, 11, 11, 11, 11, 11, 11, 11
ch108, 11, 11, 11, 11, 11, 11, 11, 11, 11, 11, 11, 11
ch110, 11, 11, 11, 11, 11, 11, 11, 11, 11, 11, 11, 11
ch112, 11, 11, 11, 11, 11, 11, 11, 11, 11, 11, 11, 11
ch114, x, x, x, x, x, x, x, x, x, x, x, x
ch116, 11, 11, 11, 11, 11, 11, 11, 11, 11, 11, 11, 11
ch118, x, x, x, x, x, x, x, x, x, x, x, x
ch120, x, x, x, x, x, x, x, x, x, x, x, x
ch122, x, x, x, x, x, x, x, x, x, x, x, x
ch124, x, x, x, x, x, x, x, x, x, x, x, x
ch126, x, x, x, x, x, x, x, x, x, x, x, x
ch128, x, x, x, x, x, x, x, x, x, x, x, x
ch132, 11, 11, 11, 11, 11, 11, 11, 11, 11, 11, 11, 11
ch134, 11, 11, 11, 11, 11, 11, 11, 11, 11, 11, 11, 11
ch136, 11, 11, 11, 11, 11, 11, 11, 11, 11, 11, 11, 11
ch138, 11, 11, 11, 11, 11, 11, 11, 11, 11, 11, 11, 11
ch140, 11, 11, 11, 11, 11, 11, 11, 11, 11, 11, 11, 11
ch142, 11, 11, 11, 11, 11, 11, 11, 11, 11, 11, 11, 11
ch144, 18, 18, 18, 18, 18, 18, 18, 18, 18, 18, 18, 18
ch149, 21, 21, 21, 21, 21, 21, 21, 21, 21, 21, 21, 21
ch151, 21, 21, 21, 21, 21, 21, 21, 21, 21, 21, 21, 21
ch153, 21, 21, 21, 21, 21, 21, 21, 21, 21, 21, 21, 21
ch155, 21, 21, 21, 21, 21, 21, 21, 21, 21, 21, 21, 21
ch157, 21, 21, 21, 21, 21, 21, 21, 21, 21, 21, 21, 21
ch159, 22, 22, 22, 22, 22, 22, 22, 22, 22, 22, 22, 22
ch161, 22, 22, 22, 22, 22, 22, 22, 22, 22, 22, 22, 22
ch165, 22, 22, 22, 22, 22, 22, 22, 22, 22, 22, 22, 22
</ru52>

<ru106, m0, m1, m2, m3, m4, m5, m6, m7, m8, m9, m10, m11>
ch001, 22, 22, 22, 22, 22, 22, 22, 22, 22, 22, 22, 22
ch002, 22, 22, 22, 22, 22, 22, 22, 22, 22, 22, 22, 22
ch003, 22, 22, 22, 22, 22, 22, 22, 22, 22, 22, 22, 22
ch004, 22, 22, 22, 22, 22, 22, 22, 22, 22, 22, 22, 22
ch005, 22, 22, 22, 22, 22, 22, 22, 22, 22, 22, 22, 22
ch006, 22, 22, 22, 22, 22, 22, 22, 22, 22, 22, 22, 22
ch007, 22, 22, 22, 22, 22, 22, 22, 22, 22, 22, 22, 22
ch008, 22, 22, 22, 22, 22, 22, 22, 22, 22, 22, 22, 22
ch009, 22, 22, 22, 22, 22, 22, 22, 22, 22, 22, 22, 22
ch010, 21, 21, 21, 21, 21, 21, 21, 21, 21, 21, 21, 21
ch011, 21, 21, 21, 21, 21, 21, 21, 21, 21, 21, 21, 21
ch012, 21, 21, 21, 21, 21, 21, 21, 21, 21, 21, 21, 21
ch013, 21, 21, 21, 21, 21, 21, 21, 21, 21, 21, 21, 21
ch014, x, x, x, x, x, x, x, x, x, x, x, x
ch036, 23, 23, 23, 23, 23, 23, 23, 23, 23, 23, 23, 23
ch038, 23, 23, 23, 23, 23, 23, 23, 23, 23, 23, 23, 23
ch040, 23, 23, 23, 23, 23, 23, 23, 23, 23, 23, 23, 23
ch042, 23, 23, 23, 23, 23, 23, 23, 23, 23, 23, 23, 23
ch044, 23, 23, 23, 23, 23, 23, 23, 23, 23, 23, 23, 23
ch046, 23, 23, 23, 23, 23, 23, 23, 23, 23, 23, 23, 23
ch048, 23, 23, 23, 23, 23, 23, 23, 23, 23, 23, 23, 23
ch050, x, x, x, x, x, x, x, x, x, x, x, x
ch052, 17, 17, 17, 17, 17, 17, 17, 17, 17, 17, 17, 17
ch054, 17, 17, 17, 17, 17, 17, 17, 17, 17, 17, 17, 17
ch056, 17, 17, 17, 17, 17, 17, 17, 17, 17, 17, 17, 17
ch058, 17, 17, 17, 17, 17, 17, 17, 17, 17, 17, 17, 17
ch060, 17, 17, 17, 17, 17, 17, 17, 17, 17, 17, 17, 17
ch062, 17, 17, 17, 17, 17, 17, 17, 17, 17, 17, 17, 17
ch064, 17, 17, 17, 17, 17, 17, 17, 17, 17, 17, 17, 17
ch100, 16, 16, 16, 16, 16, 16, 16, 16, 16, 16, 16, 16
ch102, 16, 16, 16, 16, 16, 16, 16, 16, 16, 16, 16, 16
ch104, 16, 16, 16, 16, 16, 16, 16, 16, 16, 16, 16, 16
ch106, 16, 16, 16, 16, 16, 16, 16, 16, 16, 16, 16, 16
ch108, 16, 16, 16, 16, 16, 16, 16, 16, 16, 16, 16, 16
ch110, 16, 16, 16, 16, 16, 16, 16, 16, 16, 16, 16, 16
ch112, 16, 16, 16, 16, 16, 16, 16, 16, 16, 16, 16, 16
ch114, x, x, x, x, x, x, x, x, x, x, x, x
ch116, 16, 16, 16, 16, 16, 16, 16, 16, 16, 16, 16, 16
ch118, x, x, x, x, x, x, x, x, x, x, x, x
ch120, x, x, x, x, x, x, x, x, x, x, x, x
ch122, x, x, x, x, x, x, x, x, x, x, x, x
ch124, x, x, x, x, x, x, x, x, x, x, x, x
ch126, x, x, x, x, x, x, x, x, x, x, x, x
ch128, x, x, x, x, x, x, x, x, x, x, x, x
ch132, 16, 16, 16, 16, 16, 16, 16, 16, 16, 16, 16, 16
ch134, 16, 16, 16, 16, 16, 16, 16, 16, 16, 16, 16, 16
ch136, 16, 16, 16, 16, 16, 16, 16, 16, 16, 16, 16, 16
ch138, 16, 16, 16, 16, 16, 16, 16, 16, 16, 16, 16, 16
ch140, 16, 16, 16, 16, 16, 16, 16, 16, 16, 16, 16, 16
ch142, 16, 16, 16, 16, 16, 16, 16, 16, 16, 16, 16, 16
ch144, 24, 24, 24, 24, 24, 24, 24, 24, 24, 24, 24, 24
ch149, 27, 27, 27, 27, 27, 27, 27, 27, 27, 27, 27, 27
ch151, 27, 27, 27, 27, 27, 27, 27, 27, 27, 27, 27, 27
ch153, 27, 27, 27, 27, 27, 27, 27, 27, 27, 27, 27, 27
ch155, 27, 27, 27, 27, 27, 27, 27, 27, 27, 27, 27, 27
ch157, 27, 27, 27, 27, 27, 27, 27, 27, 27, 27, 27, 27
ch159, 28, 28, 28, 28, 28, 28, 28, 28, 28, 28, 28, 28
ch161, 28, 28, 28, 28, 28, 28, 28, 28, 28, 28, 28, 28
ch165, 28, 28, 28, 28, 28, 28, 28, 28, 28, 28, 28, 28
</ru106>

<ru242, m0, m1, m2, m3, m4, m5, m6, m7, m8, m9, m10, m11>
ch001, 28, 28, 28, 28, 28, 28, 28, 28, 28, 28, 28, 28
ch002, 28, 28, 28, 28, 28, 28, 28, 28, 28, 28, 28, 28
ch003, 28, 28, 28, 28, 28, 28, 28, 28, 28, 28, 28, 28
ch004, 28, 28, 28, 28, 28, 28, 28, 28, 28, 28, 28, 28
ch005, 28, 28, 28, 28, 28, 28, 28, 28, 28, 28, 28, 28
ch006, 28, 28, 28, 28, 28, 28, 28, 28, 28, 28, 28, 28
ch007, 28, 28, 28, 28, 28, 28, 28, 28, 28, 28, 28, 28
ch008, 28, 28, 28, 28, 28, 28, 28, 28, 28, 28, 28, 28
ch009, 28, 28, 28, 28, 28, 28, 28, 28, 28, 28, 28, 28
ch010, 28, 28, 28, 28, 28, 28, 28, 28, 28, 28, 28, 28
ch011, 28, 28, 28, 28, 28, 28, 28, 28, 28, 28, 28, 28
ch012, 28, 28, 28, 28, 28, 28, 28, 28, 28, 28, 28, 28
ch013, 28, 28, 28, 28, 28, 28, 28, 28, 28, 28, 28, 28
ch014, x, x, x, x, x, x, x, x, x, x, x, x
ch036, 26, 26, 26, 26, 26, 26, 26, 26, 26, 26, 26, 26
ch038, 26, 26, 26, 26, 26, 26, 26, 26, 26, 26, 26, 26
ch040, 26, 26, 26, 26, 26, 26, 26, 26, 26, 26, 26, 26
ch042, 26, 26, 26, 26, 26, 26, 26, 26, 26, 26, 26, 26
ch044, 27, 27, 27, 27, 27, 27, 27, 27, 27, 27, 27, 27
ch046, 26, 26, 26, 26, 26, 26, 26, 26, 26, 26, 26, 26
ch048, 26, 26, 26, 26, 26, 26, 26, 26, 26, 26, 26, 26
ch050, x, x, x, x, x, x, x, x, x, x, x, x
ch052, 23, 23, 23, 23, 23, 23, 23, 23, 23, 23, 23, 23
ch054, 21, 21, 21, 21, 21, 21, 21, 21, 21, 21, 21, 21
ch056, 23, 23, 23, 23, 23, 23, 23, 23, 23, 23, 23, 23
ch058, 21, 21, 21, 21, 21, 21, 21, 21, 21, 21, 21, 21
ch060, 23, 23, 23, 23, 23, 23, 23, 23, 23, 23, 23, 23
ch062, 21, 21, 21, 21, 21, 21, 21, 21, 21, 21, 21, 21
ch064, 23, 23, 23, 23, 23, 23, 23, 23, 23, 23, 23, 23
ch100, 20, 20, 20, 20, 20, 20, 20, 20, 20, 20, 20, 20
ch102, 21, 21, 21, 21, 21, 21, 21, 21, 21, 21, 21, 21
ch104, 20, 20, 20, 20, 20, 20, 20, 20, 20, 20, 20, 20
ch106, 21, 21, 21, 21, 21, 21, 21, 21, 21, 21, 21, 21
ch108, 20, 20, 20, 20, 20, 20, 20, 20, 20, 20, 20, 20
ch110, 21, 21, 21, 21, 21, 21, 21, 21, 21, 21, 21, 21
ch112, 20, 20, 20, 20, 20, 20, 20, 20, 20, 20, 20, 20
ch114, x, x, x, x, x, x, x, x, x, x, x, x
ch116, 20, 20, 20, 20, 20, 20, 20, 20, 20, 20, 20, 20
ch118, x, x, x, x, x, x, x, x, x, x, x, x
ch120, x, x, x, x, x, x, x, x, x, x, x, x
ch122, x, x, x, x, x, x, x, x, x, x, x, x
ch124, x, x, x, x, x, x, x, x, x, x, x, x
ch126, x, x, x, x, x, x, x, x, x, x, x, x
ch128, x, x, x, x, x, x, x, x, x, x, x, x
ch132, 21, 21, 21, 21, 21, 21, 21, 21, 21, 21, 21, 21
ch134, 22, 22, 22, 22, 22, 22, 22, 22, 22, 22, 22, 22
ch136, 21, 21, 21, 21, 21, 21, 21, 21, 21, 21, 21, 21
ch138, 22, 22, 22, 22, 22, 22, 22, 22, 22, 22, 22, 22
ch140, 21, 21, 21, 21, 21, 21, 21, 21, 21, 21, 21, 21
ch142, 27, 27, 27, 27, 27, 27, 27, 27, 27, 27, 27, 27
ch144, 29, 29, 29, 29, 29, 29, 29, 29, 29, 29, 29, 29
ch149, 29, 29, 29, 29, 29, 29, 29, 29, 29, 29, 29, 29
ch151, 28, 28, 28, 28, 28, 28, 28, 28, 28, 28, 28, 28
ch153, 29, 29, 29, 29, 29, 29, 29, 29, 29, 29, 29, 29
ch155, 25, 25, 25, 25, 25, 25, 25, 25, 25, 25, 25, 25
ch157, 29, 29, 29, 29, 29, 29, 29, 29, 29, 29, 29, 29
ch159, 25, 25, 25, 25, 25, 25, 25, 25, 25, 25, 25, 25
ch161, 29, 29, 29, 29, 29, 29, 29, 29, 29, 29, 29, 29
ch165, 29, 29, 29, 29, 29, 29, 29, 29, 29, 29, 29, 29
</ru242>

<ru484, m0, m1, m2, m3, m4, m5, m6, m7, m8, m9, m10, m11>
ch038, 28, 28, 28, 28, 28, 28, 28, 28, 28, 28, 28, 28
ch042, 25, 25, 25, 25, 25, 25, 25, 25, 25, 25, 25, 25
ch046, 28, 28, 28, 28, 28, 28, 28, 28, 28, 28, 28, 28
ch050, x, x, x, x, x, x, x, x, x, x, x, x
ch054, 24, 24, 24, 24, 24, 24, 24, 24, 24, 24, 24, 24
ch058, 20, 20, 20, 20, 20, 20, 20, 20, 20, 20, 20, 20
ch062, 24, 24, 24, 24, 24, 24, 24, 24, 24, 24, 24, 24
ch102, 22, 22, 22, 22, 22, 22, 22, 22, 22, 22, 22, 22
ch106, 21, 21, 21, 21, 21, 21, 21, 21, 21, 21, 21, 21
ch110, 22, 22, 22, 22, 22, 22, 22, 22, 22, 22, 22, 22
ch114, x, x, x, x, x, x, x, x, x, x, x, x
ch118, x, x, x, x, x, x, x, x, x, x, x, x
ch122, x, x, x, x, x, x, x, x, x, x, x, x
ch126, x, x, x, x, x, x, x, x, x, x, x, x
ch134, 23, 23, 23, 23, 23, 23, 23, 23, 23, 23, 23, 23
ch138, 27, 27, 27, 27, 27, 27, 27, 27, 27, 27, 27, 27
ch142, 29, 29, 29, 29, 29, 29, 29, 29, 29, 29, 29, 29
ch151, 29, 29, 29, 29, 29, 29, 29, 29, 29, 29, 29, 29
ch155, 24, 24, 24, 24, 24, 24, 24, 24, 24, 24, 24, 24
ch159, 29, 29, 29, 29, 29, 29, 29, 29, 29, 29, 29, 29
</ru484>

<ru996, m0, m1, m2, m3, m4, m5, m6, m7, m8, m9, m10, m11> 
ch042, 28, 28, 28, 28, 28, 28, 28, 28, 28, 28, 28, 28
ch050, x, x, x, x, x, x, x, x, x, x, x, x
ch058, 23, 23, 23, 23, 23, 23, 23, 23, 23, 23, 23, 23
ch106, 22, 22, 22, 22, 22, 22, 22, 22, 22, 22, 22, 22
ch114, x, x, x, x, x, x, x, x, x, x, x, x
ch122, x, x, x, x, x, x, x, x, x, x, x, x
ch138, 29, 29, 29, 29, 29, 29, 29, 29, 29, 29, 29, 29
ch155, 29, 29, 29, 29, 29, 29, 29, 29, 29, 29, 29, 29
</ru996>

[IN]
<cck,  c1, c2, c5, c11>
ch001, 22, 22, 22, 22
ch002, 22, 22, 22, 22
ch003, 22, 22, 22, 22
ch004, 22, 22, 22, 22
ch005, 22, 22, 22, 22
ch006, 22, 22, 22, 22
ch007, 22, 22, 22, 22
ch008, 22, 22, 22, 22
ch009, 22, 22, 22, 22
ch010, 22, 22, 22, 22
ch011, 22, 22, 22, 22
ch012, 22, 22, 22, 22
ch013, 22, 22, 22, 22
ch014, x, x, x, x
</cck>

<ofdm, o6, o9, o12, o18, o24, o36, o48, o54>
ch001, 27, 27, 27, 27, 27, 27, 27, 27
ch002, 27, 27, 27, 27, 27, 27, 27, 27
ch003, 27, 27, 27, 27, 27, 27, 27, 27
ch004, 27, 27, 27, 27, 27, 27, 27, 27
ch005, 27, 27, 27, 27, 27, 27, 27, 27
ch006, 27, 27, 27, 27, 27, 27, 27, 27
ch007, 27, 27, 27, 27, 27, 27, 27, 27
ch008, 27, 27, 27, 27, 27, 27, 27, 27
ch009, 27, 27, 27, 27, 27, 27, 27, 27
ch010, 27, 27, 27, 27, 27, 27, 27, 27
ch011, 27, 27, 27, 27, 27, 27, 27, 27
ch012, 27, 27, 27, 27, 27, 27, 27, 27
ch013, 27, 27, 27, 27, 27, 27, 27, 27
ch014, x, x, x, x, x, x, x, x
ch036, 31, 31, 31, 31, 31, 31, 31, 31
ch038, 31, 31, 31, 31, 31, 31, 31, 31
ch040, 31, 31, 31, 31, 31, 31, 31, 31
ch042, 31, 31, 31, 31, 31, 31, 31, 31
ch044, 33, 33, 33, 33, 33, 33, 33, 33
ch046, 33, 33, 33, 33, 33, 33, 33, 33
ch048, 33, 33, 33, 33, 33, 33, 33, 33
ch050, x, x, x, x, x, x, x, x
ch052, 33, 33, 33, 33, 33, 33, 33, 33
ch054, 33, 33, 33, 33, 33, 33, 33, 33
ch056, 33, 33, 33, 33, 33, 33, 33, 33
ch058, 33, 33, 33, 33, 33, 33, 33, 33
ch060, 32, 32, 32, 32, 32, 32, 32, 32
ch062, 32, 32, 32, 32, 32, 32, 32, 32
ch064, 30, 30, 30, 30, 30, 30, 30, 30
ch100, 32, 32, 32, 32, 32, 32, 32, 32
ch102, 32, 32, 32, 32, 32, 32, 32, 32
ch104, 32, 32, 32, 32, 32, 32, 32, 32
ch106, 32, 32, 32, 32, 32, 32, 32, 32
ch108, 32, 32, 32, 32, 32, 32, 32, 32
ch110, 32, 32, 32, 32, 32, 32, 32, 32
ch112, 32, 32, 32, 32, 32, 32, 32, 32
ch114, x, x, x, x, x, x, x, x
ch116, 32, 32, 32, 32, 32, 32, 32, 32
ch118, 32, 32, 32, 32, 32, 32, 32, 32
ch120, 32, 32, 32, 32, 32, 32, 32, 32
ch122, 32, 32, 32, 32, 32, 32, 32, 32
ch124, 32, 32, 32, 32, 32, 32, 32, 32
ch126, 32, 32, 32, 32, 32, 32, 32, 32
ch128, 32, 32, 32, 32, 32, 32, 32, 32
ch132, 31, 31, 31, 31, 31, 31, 31, 31
ch134, 31, 31, 31, 31, 31, 31, 31, 31
ch136, 31, 31, 31, 31, 31, 31, 31, 31
ch138, 31, 31, 31, 31, 31, 31, 31, 31
ch140, 31, 31, 31, 31, 31, 31, 31, 31
ch142, 32, 32, 32, 32, 32, 32, 32, 32
ch144, 32, 32, 32, 32, 32, 32, 32, 32
ch149, 33, 33, 33, 33, 33, 33, 33, 33
ch151, 33, 33, 33, 33, 33, 33, 33, 33
ch153, 33, 33, 33, 33, 33, 33, 33, 33
ch155, 33, 33, 33, 33, 33, 33, 33, 33
ch157, 33, 33, 33, 33, 33, 33, 33, 33
ch159, 33, 33, 33, 33, 33, 33, 33, 33
ch161, 33, 33, 33, 33, 33, 33, 33, 33
ch165, 33, 33, 33, 33, 33, 33, 33, 33
</ofdm>

<ht20, m0, m1, m2, m3, m4, m5, m6, m7>
ch001, 28, 28, 28, 28, 28, 28, 28, 28
ch002, 28, 28, 28, 28, 28, 28, 28, 28
ch003, 28, 28, 28, 28, 28, 28, 28, 28
ch004, 28, 28, 28, 28, 28, 28, 28, 28
ch005, 28, 28, 28, 28, 28, 28, 28, 28
ch006, 28, 28, 28, 28, 28, 28, 28, 28
ch007, 28, 28, 28, 28, 28, 28, 28, 28
ch008, 28, 28, 28, 28, 28, 28, 28, 28
ch009, 28, 28, 28, 28, 28, 28, 28, 28
ch010, 27, 27, 27, 27, 27, 27, 27, 27
ch011, 27, 27, 27, 27, 27, 27, 27, 27
ch012, 27, 27, 27, 27, 27, 27, 27, 27
ch013, 27, 27, 27, 27, 27, 27, 27, 27
ch014, x, x, x, x, x, x, x, x
ch036, 29, 29, 29, 29, 29, 29, 29, 29
ch038, 29, 29, 29, 29, 29, 29, 29, 29
ch040, 29, 29, 29, 29, 29, 29, 29, 29
ch042, 29, 29, 29, 29, 29, 29, 29, 29
ch044, 29, 29, 29, 29, 29, 29, 29, 29
ch046, 29, 29, 29, 29, 29, 29, 29, 29
ch048, 28, 28, 28, 28, 28, 28, 28, 28
ch050, x, x, x, x, x, x, x, x
ch052, 29, 29, 29, 29, 29, 29, 29, 29
ch054, 29, 29, 29, 29, 29, 29, 29, 29
ch056, 29, 29, 29, 29, 29, 29, 29, 29
ch058, 29, 29, 29, 29, 29, 29, 29, 29
ch060, 29, 29, 29, 29, 29, 29, 29, 29
ch062, 29, 29, 29, 29, 29, 29, 29, 29
ch064, 29, 29, 29, 29, 29, 29, 29, 29
ch100, 29, 29, 29, 29, 29, 29, 29, 29
ch102, 29, 29, 29, 29, 29, 29, 29, 29
ch104, 29, 29, 29, 29, 29, 29, 29, 29
ch106, 29, 29, 29, 29, 29, 29, 29, 29
ch108, 29, 29, 29, 29, 29, 29, 29, 29
ch110, 29, 29, 29, 29, 29, 29, 29, 29
ch112, 29, 29, 29, 29, 29, 29, 29, 29
ch114, x, x, x, x, x, x, x, x
ch116, 29, 29, 29, 29, 29, 29, 29, 29
ch118, 29, 29, 29, 29, 29, 29, 29, 29
ch120, 29, 29, 29, 29, 29, 29, 29, 29
ch122, 29, 29, 29, 29, 29, 29, 29, 29
ch124, 29, 29, 29, 29, 29, 29, 29, 29
ch126, 29, 29, 29, 29, 29, 29, 29, 29
ch128, 29, 29, 29, 29, 29, 29, 29, 29
ch132, 29, 29, 29, 29, 29, 29, 29, 29
ch134, 29, 29, 29, 29, 29, 29, 29, 29
ch136, 29, 29, 29, 29, 29, 29, 29, 29
ch138, 29, 29, 29, 29, 29, 29, 29, 29
ch140, 29, 29, 29, 29, 29, 29, 29, 29
ch142, 29, 29, 29, 29, 29, 29, 29, 29
ch144, 29, 29, 29, 29, 29, 29, 29, 29
ch149, 28, 28, 28, 28, 28, 28, 28, 28
ch151, 28, 28, 28, 28, 28, 28, 28, 28
ch153, 28, 28, 28, 28, 28, 28, 28, 28
ch155, 28, 28, 28, 28, 28, 28, 28, 28
ch157, 28, 28, 28, 28, 28, 28, 28, 28
ch159, 28, 28, 28, 28, 28, 28, 28, 28
ch161, 28, 28, 28, 28, 28, 28, 28, 28
ch165, 28, 28, 28, 28, 28, 28, 28, 28
</ht20>

<ht40, m0, m1, m2, m3, m4, m5, m6, m7, m32> 
ch038, 26, 26, 26, 26, 26, 26, 26, 26, 26
ch042, 26, 26, 26, 26, 26, 26, 26, 26, 26
ch046, 28, 28, 28, 28, 28, 28, 28, 28, 28
ch050, x, x, x, x, x, x, x, x, x
ch054, 29, 29, 29, 29, 29, 29, 29, 29, 29
ch058, 29, 29, 29, 29, 29, 29, 29, 29, 29
ch062, 29, 29, 29, 29, 29, 29, 29, 29, 29
ch102, 29, 29, 29, 29, 29, 29, 29, 29, 29
ch106, 29, 29, 29, 29, 29, 29, 29, 29, 29
ch110, 29, 29, 29, 29, 29, 29, 29, 29, 29
ch114, x, x, x, x, x, x, x, x, x
ch118, 29, 29, 29, 29, 29, 29, 29, 29, 29
ch122, 29, 29, 29, 29, 29, 29, 29, 29, 29
ch126, 29, 29, 29, 29, 29, 29, 29, 29, 29
ch134, 29, 29, 29, 29, 29, 29, 29, 29, 29
ch138, 29, 29, 29, 29, 29, 29, 29, 29, 29
ch142, 29, 29, 29, 29, 29, 29, 29, 29, 29
ch151, 28, 28, 28, 28, 28, 28, 28, 28, 28
ch155, 29, 29, 29, 29, 29, 29, 29, 29, 29
ch159, 29, 29, 29, 29, 29, 29, 29, 29, 29
</ht40>

<vht20, m0, m1, m2, m3, m4, m5, m6, m7, m8, m9>
ch001, 28, 28, 28, 28, 28, 28, 28, 28, 28, 28
ch002, 28, 28, 28, 28, 28, 28, 28, 28, 28, 28
ch003, 28, 28, 28, 28, 28, 28, 28, 28, 28, 28
ch004, 28, 28, 28, 28, 28, 28, 28, 28, 28, 28
ch005, 28, 28, 28, 28, 28, 28, 28, 28, 28, 28
ch006, 28, 28, 28, 28, 28, 28, 28, 28, 28, 28
ch007, 28, 28, 28, 28, 28, 28, 28, 28, 28, 28
ch008, 28, 28, 28, 28, 28, 28, 28, 28, 28, 28
ch009, 28, 28, 28, 28, 28, 28, 28, 28, 28, 28
ch010, 27, 27, 27, 27, 27, 27, 27, 27, 27, 27
ch011, 27, 27, 27, 27, 27, 27, 27, 27, 27, 27
ch012, 27, 27, 27, 27, 27, 27, 27, 27, 27, 27
ch013, 27, 27, 27, 27, 27, 27, 27, 27, 27, 27
ch014, x, x, x, x, x, x, x, x, x, x
ch036, 29, 29, 29, 29, 29, 29, 29, 29, 29, 29
ch038, 29, 29, 29, 29, 29, 29, 29, 29, 29, 29
ch040, 29, 29, 29, 29, 29, 29, 29, 29, 29, 29
ch042, 29, 29, 29, 29, 29, 29, 29, 29, 29, 29
ch044, 29, 29, 29, 29, 29, 29, 29, 29, 29, 29
ch046, 29, 29, 29, 29, 29, 29, 29, 29, 29, 29
ch048, 28, 28, 28, 28, 28, 28, 28, 28, 28, 28
ch050, x, x, x, x, x, x, x, x, x, x
ch052, 29, 29, 29, 29, 29, 29, 29, 29, 29, 29
ch054, 29, 29, 29, 29, 29, 29, 29, 29, 29, 29
ch056, 29, 29, 29, 29, 29, 29, 29, 29, 29, 29
ch058, 29, 29, 29, 29, 29, 29, 29, 29, 29, 29
ch060, 29, 29, 29, 29, 29, 29, 29, 29, 29, 29
ch062, 29, 29, 29, 29, 29, 29, 29, 29, 29, 29
ch064, 29, 29, 29, 29, 29, 29, 29, 29, 29, 29
ch100, 29, 29, 29, 29, 29, 29, 29, 29, 29, 29
ch102, 29, 29, 29, 29, 29, 29, 29, 29, 29, 29
ch104, 29, 29, 29, 29, 29, 29, 29, 29, 29, 29
ch106, 29, 29, 29, 29, 29, 29, 29, 29, 29, 29
ch108, 29, 29, 29, 29, 29, 29, 29, 29, 29, 29
ch110, 29, 29, 29, 29, 29, 29, 29, 29, 29, 29
ch112, 29, 29, 29, 29, 29, 29, 29, 29, 29, 29
ch114, x, x, x, x, x, x, x, x, x, x
ch116, 29, 29, 29, 29, 29, 29, 29, 29, 29, 29
ch118, 29, 29, 29, 29, 29, 29, 29, 29, 29, 29
ch120, 29, 29, 29, 29, 29, 29, 29, 29, 29, 29
ch122, 29, 29, 29, 29, 29, 29, 29, 29, 29, 29
ch124, 29, 29, 29, 29, 29, 29, 29, 29, 29, 29
ch126, 29, 29, 29, 29, 29, 29, 29, 29, 29, 29
ch128, 29, 29, 29, 29, 29, 29, 29, 29, 29, 29
ch132, 29, 29, 29, 29, 29, 29, 29, 29, 29, 29
ch134, 29, 29, 29, 29, 29, 29, 29, 29, 29, 29
ch136, 29, 29, 29, 29, 29, 29, 29, 29, 29, 29
ch138, 29, 29, 29, 29, 29, 29, 29, 29, 29, 29
ch140, 29, 29, 29, 29, 29, 29, 29, 29, 29, 29
ch142, 29, 29, 29, 29, 29, 29, 29, 29, 29, 29
ch144, 29, 29, 29, 29, 29, 29, 29, 29, 29, 29
ch149, 28, 28, 28, 28, 28, 28, 28, 28, 28, 28
ch151, 28, 28, 28, 28, 28, 28, 28, 28, 28, 28
ch153, 28, 28, 28, 28, 28, 28, 28, 28, 28, 28
ch155, 28, 28, 28, 28, 28, 28, 28, 28, 28, 28
ch157, 28, 28, 28, 28, 28, 28, 28, 28, 28, 28
ch159, 28, 28, 28, 28, 28, 28, 28, 28, 28, 28
ch161, 28, 28, 28, 28, 28, 28, 28, 28, 28, 28
ch165, 28, 28, 28, 28, 28, 28, 28, 28, 28, 28
</vht20>

<vht40, m0, m1, m2, m3, m4, m5, m6, m7, m8, m9>
ch038, 26, 26, 26, 26, 26, 26, 26, 26, 26, 26
ch042, 26, 26, 26, 26, 26, 26, 26, 26, 26, 26
ch046, 28, 28, 28, 28, 28, 28, 28, 28, 28, 28
ch050, x, x, x, x, x, x, x, x, x, x
ch054, 29, 29, 29, 29, 29, 29, 29, 29, 29, 29
ch058, 29, 29, 29, 29, 29, 29, 29, 29, 29, 29
ch062, 29, 29, 29, 29, 29, 29, 29, 29, 29, 29
ch102, 29, 29, 29, 29, 29, 29, 29, 29, 29, 29
ch106, 29, 29, 29, 29, 29, 29, 29, 29, 29, 29
ch110, 29, 29, 29, 29, 29, 29, 29, 29, 29, 29
ch114, x, x, x, x, x, x, x, x, x, x
ch118, 29, 29, 29, 29, 29, 29, 29, 29, 29, 29
ch122, 29, 29, 29, 29, 29, 29, 29, 29, 29, 29
ch126, 29, 29, 29, 29, 29, 29, 29, 29, 29, 29
ch134, 29, 29, 29, 29, 29, 29, 29, 29, 29, 29
ch138, 29, 29, 29, 29, 29, 29, 29, 29, 29, 29
ch142, 29, 29, 29, 29, 29, 29, 29, 29, 29, 29
ch151, 28, 28, 28, 28, 28, 28, 28, 28, 28, 28
ch155, 29, 29, 29, 29, 29, 29, 29, 29, 29, 29
ch159, 29, 29, 29, 29, 29, 29, 29, 29, 29, 29
</vht40>

<vht80, m0, m1, m2, m3, m4, m5, m6, m7, m8, m9> 
ch042, 23, 23, 23, 23, 23, 23, 23, 23, 23, 23
ch050, x, x, x, x, x, x, x, x, x, x
ch058, 22, 22, 22, 22, 22, 22, 22, 22, 22, 22
ch106, 28, 28, 28, 28, 28, 28, 28, 28, 28, 28
ch114, x, x, x, x, x, x, x, x, x, x
ch122, 29, 29, 29, 29, 29, 29, 29, 29, 29, 29
ch138, 29, 29, 29, 29, 29, 29, 29, 29, 29, 29
ch155, 29, 29, 29, 29, 29, 29, 29, 29, 29, 29
</vht80>

<ru26, m0, m1, m2, m3, m4, m5, m6, m7, m8, m9, m10, m11>
ch001, 12, 12, 12, 12, 12, 12, 12, 12, 12, 12, 12, 12
ch002, 12, 12, 12, 12, 12, 12, 12, 12, 12, 12, 12, 12
ch003, 11, 11, 11, 11, 11, 11, 11, 11, 11, 11, 11, 11
ch004, 11, 11, 11, 11, 11, 11, 11, 11, 11, 11, 11, 11
ch005, 11, 11, 11, 11, 11, 11, 11, 11, 11, 11, 11, 11
ch006, 11, 11, 11, 11, 11, 11, 11, 11, 11, 11, 11, 11
ch007, 11, 11, 11, 11, 11, 11, 11, 11, 11, 11, 11, 11
ch008, 11, 11, 11, 11, 11, 11, 11, 11, 11, 11, 11, 11
ch009, 11, 11, 11, 11, 11, 11, 11, 11, 11, 11, 11, 11
ch010, 11, 11, 11, 11, 11, 11, 11, 11, 11, 11, 11, 11
ch011, 11, 11, 11, 11, 11, 11, 11, 11, 11, 11, 11, 11
ch012, 11, 11, 11, 11, 11, 11, 11, 11, 11, 11, 11, 11
ch013, 11, 11, 11, 11, 11, 11, 11, 11, 11, 11, 11, 11
ch014, x, x, x, x, x, x, x, x, x, x, x, x
ch036, 13, 13, 13, 13, 13, 13, 13, 13, 13, 13, 13, 13
ch038, 13, 13, 13, 13, 13, 13, 13, 13, 13, 13, 13, 13
ch040, 13, 13, 13, 13, 13, 13, 13, 13, 13, 13, 13, 13
ch042, 13, 13, 13, 13, 13, 13, 13, 13, 13, 13, 13, 13
ch044, 12, 12, 12, 12, 12, 12, 12, 12, 12, 12, 12, 12
ch046, 12, 12, 12, 12, 12, 12, 12, 12, 12, 12, 12, 12
ch048, 9, 9, 9, 9, 9, 9, 9, 9, 9, 9, 9, 9
ch050, x, x, x, x, x, x, x, x, x, x, x, x
ch052, 10, 10, 10, 10, 10, 10, 10, 10, 10, 10, 10, 10
ch054, 10, 10, 10, 10, 10, 10, 10, 10, 10, 10, 10, 10
ch056, 10, 10, 10, 10, 10, 10, 10, 10, 10, 10, 10, 10
ch058, 10, 10, 10, 10, 10, 10, 10, 10, 10, 10, 10, 10
ch060, 14, 14, 14, 14, 14, 14, 14, 14, 14, 14, 14, 14
ch062, 14, 14, 14, 14, 14, 14, 14, 14, 14, 14, 14, 14
ch064, 11, 11, 11, 11, 11, 11, 11, 11, 11, 11, 11, 11
ch100, 12, 12, 12, 12, 12, 12, 12, 12, 12, 12, 12, 12
ch102, 12, 12, 12, 12, 12, 12, 12, 12, 12, 12, 12, 12
ch104, 12, 12, 12, 12, 12, 12, 12, 12, 12, 12, 12, 12
ch106, 12, 12, 12, 12, 12, 12, 12, 12, 12, 12, 12, 12
ch108, 12, 12, 12, 12, 12, 12, 12, 12, 12, 12, 12, 12
ch110, 12, 12, 12, 12, 12, 12, 12, 12, 12, 12, 12, 12
ch112, 13, 13, 13, 13, 13, 13, 13, 13, 13, 13, 13, 13
ch114, x, x, x, x, x, x, x, x, x, x, x, x
ch116, 13, 13, 13, 13, 13, 13, 13, 13, 13, 13, 13, 13
ch118, 13, 13, 13, 13, 13, 13, 13, 13, 13, 13, 13, 13
ch120, 13, 13, 13, 13, 13, 13, 13, 13, 13, 13, 13, 13
ch122, 13, 13, 13, 13, 13, 13, 13, 13, 13, 13, 13, 13
ch124, 13, 13, 13, 13, 13, 13, 13, 13, 13, 13, 13, 13
ch126, 13, 13, 13, 13, 13, 13, 13, 13, 13, 13, 13, 13
ch128, 13, 13, 13, 13, 13, 13, 13, 13, 13, 13, 13, 13
ch132, 11, 11, 11, 11, 11, 11, 11, 11, 11, 11, 11, 11
ch134, 11, 11, 11, 11, 11, 11, 11, 11, 11, 11, 11, 11
ch136, 11, 11, 11, 11, 11, 11, 11, 11, 11, 11, 11, 11
ch138, 11, 11, 11, 11, 11, 11, 11, 11, 11, 11, 11, 11
ch140, 11, 11, 11, 11, 11, 11, 11, 11, 11, 11, 11, 11
ch142, 11, 11, 11, 11, 11, 11, 11, 11, 11, 11, 11, 11
ch144, 11, 11, 11, 11, 11, 11, 11, 11, 11, 11, 11, 11
ch149, 13, 13, 13, 13, 13, 13, 13, 13, 13, 13, 13, 13
ch151, 13, 13, 13, 13, 13, 13, 13, 13, 13, 13, 13, 13
ch153, 13, 13, 13, 13, 13, 13, 13, 13, 13, 13, 13, 13
ch155, 15, 15, 15, 15, 15, 15, 15, 15, 15, 15, 15, 15
ch157, 15, 15, 15, 15, 15, 15, 15, 15, 15, 15, 15, 15
ch159, 14, 14, 14, 14, 14, 14, 14, 14, 14, 14, 14, 14
ch161, 14, 14, 14, 14, 14, 14, 14, 14, 14, 14, 14, 14
ch165, 14, 14, 14, 14, 14, 14, 14, 14, 14, 14, 14, 14
</ru26>

<ru52, m0, m1, m2, m3, m4, m5, m6, m7, m8, m9, m10, m11>
ch001, 17, 17, 17, 17, 17, 17, 17, 17, 17, 17, 17, 17
ch002, 17, 17, 17, 17, 17, 17, 17, 17, 17, 17, 17, 17
ch003, 16, 16, 16, 16, 16, 16, 16, 16, 16, 16, 16, 16
ch004, 16, 16, 16, 16, 16, 16, 16, 16, 16, 16, 16, 16
ch005, 16, 16, 16, 16, 16, 16, 16, 16, 16, 16, 16, 16
ch006, 16, 16, 16, 16, 16, 16, 16, 16, 16, 16, 16, 16
ch007, 16, 16, 16, 16, 16, 16, 16, 16, 16, 16, 16, 16
ch008, 16, 16, 16, 16, 16, 16, 16, 16, 16, 16, 16, 16
ch009, 16, 16, 16, 16, 16, 16, 16, 16, 16, 16, 16, 16
ch010, 16, 16, 16, 16, 16, 16, 16, 16, 16, 16, 16, 16
ch011, 16, 16, 16, 16, 16, 16, 16, 16, 16, 16, 16, 16
ch012, 16, 16, 16, 16, 16, 16, 16, 16, 16, 16, 16, 16
ch013, 16, 16, 16, 16, 16, 16, 16, 16, 16, 16, 16, 16
ch014, x, x, x, x, x, x, x, x, x, x, x, x
ch036, 18, 18, 18, 18, 18, 18, 18, 18, 18, 18, 18, 18
ch038, 18, 18, 18, 18, 18, 18, 18, 18, 18, 18, 18, 18
ch040, 18, 18, 18, 18, 18, 18, 18, 18, 18, 18, 18, 18
ch042, 18, 18, 18, 18, 18, 18, 18, 18, 18, 18, 18, 18
ch044, 16, 16, 16, 16, 16, 16, 16, 16, 16, 16, 16, 16
ch046, 16, 16, 16, 16, 16, 16, 16, 16, 16, 16, 16, 16
ch048, 16, 16, 16, 16, 16, 16, 16, 16, 16, 16, 16, 16
ch050, x, x, x, x, x, x, x, x, x, x, x, x
ch052, 16, 16, 16, 16, 16, 16, 16, 16, 16, 16, 16, 16
ch054, 16, 16, 16, 16, 16, 16, 16, 16, 16, 16, 16, 16
ch056, 16, 16, 16, 16, 16, 16, 16, 16, 16, 16, 16, 16
ch058, 16, 16, 16, 16, 16, 16, 16, 16, 16, 16, 16, 16
ch060, 18, 18, 18, 18, 18, 18, 18, 18, 18, 18, 18, 18
ch062, 18, 18, 18, 18, 18, 18, 18, 18, 18, 18, 18, 18
ch064, 17, 17, 17, 17, 17, 17, 17, 17, 17, 17, 17, 17
ch100, 18, 18, 18, 18, 18, 18, 18, 18, 18, 18, 18, 18
ch102, 18, 18, 18, 18, 18, 18, 18, 18, 18, 18, 18, 18
ch104, 18, 18, 18, 18, 18, 18, 18, 18, 18, 18, 18, 18
ch106, 18, 18, 18, 18, 18, 18, 18, 18, 18, 18, 18, 18
ch108, 18, 18, 18, 18, 18, 18, 18, 18, 18, 18, 18, 18
ch110, 18, 18, 18, 18, 18, 18, 18, 18, 18, 18, 18, 18
ch112, 17, 17, 17, 17, 17, 17, 17, 17, 17, 17, 17, 17
ch114, x, x, x, x, x, x, x, x, x, x, x, x
ch116, 17, 17, 17, 17, 17, 17, 17, 17, 17, 17, 17, 17
ch118, 17, 17, 17, 17, 17, 17, 17, 17, 17, 17, 17, 17
ch120, 17, 17, 17, 17, 17, 17, 17, 17, 17, 17, 17, 17
ch122, 17, 17, 17, 17, 17, 17, 17, 17, 17, 17, 17, 17
ch124, 17, 17, 17, 17, 17, 17, 17, 17, 17, 17, 17, 17
ch126, 17, 17, 17, 17, 17, 17, 17, 17, 17, 17, 17, 17
ch128, 17, 17, 17, 17, 17, 17, 17, 17, 17, 17, 17, 17
ch132, 18, 18, 18, 18, 18, 18, 18, 18, 18, 18, 18, 18
ch134, 18, 18, 18, 18, 18, 18, 18, 18, 18, 18, 18, 18
ch136, 18, 18, 18, 18, 18, 18, 18, 18, 18, 18, 18, 18
ch138, 18, 18, 18, 18, 18, 18, 18, 18, 18, 18, 18, 18
ch140, 18, 18, 18, 18, 18, 18, 18, 18, 18, 18, 18, 18
ch142, 18, 18, 18, 18, 18, 18, 18, 18, 18, 18, 18, 18
ch144, 18, 18, 18, 18, 18, 18, 18, 18, 18, 18, 18, 18
ch149, 21, 21, 21, 21, 21, 21, 21, 21, 21, 21, 21, 21
ch151, 21, 21, 21, 21, 21, 21, 21, 21, 21, 21, 21, 21
ch153, 21, 21, 21, 21, 21, 21, 21, 21, 21, 21, 21, 21
ch155, 21, 21, 21, 21, 21, 21, 21, 21, 21, 21, 21, 21
ch157, 21, 21, 21, 21, 21, 21, 21, 21, 21, 21, 21, 21
ch159, 22, 22, 22, 22, 22, 22, 22, 22, 22, 22, 22, 22
ch161, 22, 22, 22, 22, 22, 22, 22, 22, 22, 22, 22, 22
ch165, 22, 22, 22, 22, 22, 22, 22, 22, 22, 22, 22, 22
</ru52>

<ru106, m0, m1, m2, m3, m4, m5, m6, m7, m8, m9, m10, m11>
ch001, 22, 22, 22, 22, 22, 22, 22, 22, 22, 22, 22, 22
ch002, 22, 22, 22, 22, 22, 22, 22, 22, 22, 22, 22, 22
ch003, 22, 22, 22, 22, 22, 22, 22, 22, 22, 22, 22, 22
ch004, 22, 22, 22, 22, 22, 22, 22, 22, 22, 22, 22, 22
ch005, 22, 22, 22, 22, 22, 22, 22, 22, 22, 22, 22, 22
ch006, 22, 22, 22, 22, 22, 22, 22, 22, 22, 22, 22, 22
ch007, 22, 22, 22, 22, 22, 22, 22, 22, 22, 22, 22, 22
ch008, 22, 22, 22, 22, 22, 22, 22, 22, 22, 22, 22, 22
ch009, 22, 22, 22, 22, 22, 22, 22, 22, 22, 22, 22, 22
ch010, 21, 21, 21, 21, 21, 21, 21, 21, 21, 21, 21, 21
ch011, 21, 21, 21, 21, 21, 21, 21, 21, 21, 21, 21, 21
ch012, 21, 21, 21, 21, 21, 21, 21, 21, 21, 21, 21, 21
ch013, 21, 21, 21, 21, 21, 21, 21, 21, 21, 21, 21, 21
ch014, x, x, x, x, x, x, x, x, x, x, x, x
ch036, 25, 25, 25, 25, 25, 25, 25, 25, 25, 25, 25, 25
ch038, 25, 25, 25, 25, 25, 25, 25, 25, 25, 25, 25, 25
ch040, 25, 25, 25, 25, 25, 25, 25, 25, 25, 25, 25, 25
ch042, 25, 25, 25, 25, 25, 25, 25, 25, 25, 25, 25, 25
ch044, 22, 22, 22, 22, 22, 22, 22, 22, 22, 22, 22, 22
ch046, 22, 22, 22, 22, 22, 22, 22, 22, 22, 22, 22, 22
ch048, 21, 21, 21, 21, 21, 21, 21, 21, 21, 21, 21, 21
ch050, x, x, x, x, x, x, x, x, x, x, x, x
ch052, 21, 21, 21, 21, 21, 21, 21, 21, 21, 21, 21, 21
ch054, 21, 21, 21, 21, 21, 21, 21, 21, 21, 21, 21, 21
ch056, 21, 21, 21, 21, 21, 21, 21, 21, 21, 21, 21, 21
ch058, 21, 21, 21, 21, 21, 21, 21, 21, 21, 21, 21, 21
ch060, 24, 24, 24, 24, 24, 24, 24, 24, 24, 24, 24, 24
ch062, 24, 24, 24, 24, 24, 24, 24, 24, 24, 24, 24, 24
ch064, 23, 23, 23, 23, 23, 23, 23, 23, 23, 23, 23, 23
ch100, 24, 24, 24, 24, 24, 24, 24, 24, 24, 24, 24, 24
ch102, 24, 24, 24, 24, 24, 24, 24, 24, 24, 24, 24, 24
ch104, 24, 24, 24, 24, 24, 24, 24, 24, 24, 24, 24, 24
ch106, 24, 24, 24, 24, 24, 24, 24, 24, 24, 24, 24, 24
ch108, 24, 24, 24, 24, 24, 24, 24, 24, 24, 24, 24, 24
ch110, 24, 24, 24, 24, 24, 24, 24, 24, 24, 24, 24, 24
ch112, 24, 24, 24, 24, 24, 24, 24, 24, 24, 24, 24, 24
ch114, x, x, x, x, x, x, x, x, x, x, x, x
ch116, 24, 24, 24, 24, 24, 24, 24, 24, 24, 24, 24, 24
ch118, 24, 24, 24, 24, 24, 24, 24, 24, 24, 24, 24, 24
ch120, 24, 24, 24, 24, 24, 24, 24, 24, 24, 24, 24, 24
ch122, 24, 24, 24, 24, 24, 24, 24, 24, 24, 24, 24, 24
ch124, 24, 24, 24, 24, 24, 24, 24, 24, 24, 24, 24, 24
ch126, 24, 24, 24, 24, 24, 24, 24, 24, 24, 24, 24, 24
ch128, 24, 24, 24, 24, 24, 24, 24, 24, 24, 24, 24, 24
ch132, 24, 24, 24, 24, 24, 24, 24, 24, 24, 24, 24, 24
ch134, 24, 24, 24, 24, 24, 24, 24, 24, 24, 24, 24, 24
ch136, 24, 24, 24, 24, 24, 24, 24, 24, 24, 24, 24, 24
ch138, 24, 24, 24, 24, 24, 24, 24, 24, 24, 24, 24, 24
ch140, 24, 24, 24, 24, 24, 24, 24, 24, 24, 24, 24, 24
ch142, 24, 24, 24, 24, 24, 24, 24, 24, 24, 24, 24, 24
ch144, 24, 24, 24, 24, 24, 24, 24, 24, 24, 24, 24, 24
ch149, 27, 27, 27, 27, 27, 27, 27, 27, 27, 27, 27, 27
ch151, 27, 27, 27, 27, 27, 27, 27, 27, 27, 27, 27, 27
ch153, 27, 27, 27, 27, 27, 27, 27, 27, 27, 27, 27, 27
ch155, 27, 27, 27, 27, 27, 27, 27, 27, 27, 27, 27, 27
ch157, 27, 27, 27, 27, 27, 27, 27, 27, 27, 27, 27, 27
ch159, 28, 28, 28, 28, 28, 28, 28, 28, 28, 28, 28, 28
ch161, 28, 28, 28, 28, 28, 28, 28, 28, 28, 28, 28, 28
ch165, 28, 28, 28, 28, 28, 28, 28, 28, 28, 28, 28, 28
</ru106>

<ru242, m0, m1, m2, m3, m4, m5, m6, m7, m8, m9, m10, m11>
ch001, 28, 28, 28, 28, 28, 28, 28, 28, 28, 28, 28, 28
ch002, 28, 28, 28, 28, 28, 28, 28, 28, 28, 28, 28, 28
ch003, 28, 28, 28, 28, 28, 28, 28, 28, 28, 28, 28, 28
ch004, 28, 28, 28, 28, 28, 28, 28, 28, 28, 28, 28, 28
ch005, 28, 28, 28, 28, 28, 28, 28, 28, 28, 28, 28, 28
ch006, 28, 28, 28, 28, 28, 28, 28, 28, 28, 28, 28, 28
ch007, 28, 28, 28, 28, 28, 28, 28, 28, 28, 28, 28, 28
ch008, 28, 28, 28, 28, 28, 28, 28, 28, 28, 28, 28, 28
ch009, 28, 28, 28, 28, 28, 28, 28, 28, 28, 28, 28, 28
ch010, 28, 28, 28, 28, 28, 28, 28, 28, 28, 28, 28, 28
ch011, 28, 28, 28, 28, 28, 28, 28, 28, 28, 28, 28, 28
ch012, 28, 28, 28, 28, 28, 28, 28, 28, 28, 28, 28, 28
ch013, 28, 28, 28, 28, 28, 28, 28, 28, 28, 28, 28, 28
ch014, x, x, x, x, x, x, x, x, x, x, x, x
ch036, 29, 29, 29, 29, 29, 29, 29, 29, 29, 29, 29, 29
ch038, 23, 23, 23, 23, 23, 23, 23, 23, 23, 23, 23, 23
ch040, 29, 29, 29, 29, 29, 29, 29, 29, 29, 29, 29, 29
ch042, 23, 23, 23, 23, 23, 23, 23, 23, 23, 23, 23, 23
ch044, 29, 29, 29, 29, 29, 29, 29, 29, 29, 29, 29, 29
ch046, 28, 28, 28, 28, 28, 28, 28, 28, 28, 28, 28, 28
ch048, 28, 28, 28, 28, 28, 28, 28, 28, 28, 28, 28, 28
ch050, x, x, x, x, x, x, x, x, x, x, x, x
ch052, 29, 29, 29, 29, 29, 29, 29, 29, 29, 29, 29, 29
ch054, 28, 28, 28, 28, 28, 28, 28, 28, 28, 28, 28, 28
ch056, 28, 28, 28, 28, 28, 28, 28, 28, 28, 28, 28, 28
ch058, 26, 26, 26, 26, 26, 26, 26, 26, 26, 26, 26, 26
ch060, 29, 29, 29, 29, 29, 29, 29, 29, 29, 29, 29, 29
ch062, 26, 26, 26, 26, 26, 26, 26, 26, 26, 26, 26, 26
ch064, 28, 28, 28, 28, 28, 28, 28, 28, 28, 28, 28, 28
ch100, 29, 29, 29, 29, 29, 29, 29, 29, 29, 29, 29, 29
ch102, 27, 27, 27, 27, 27, 27, 27, 27, 27, 27, 27, 27
ch104, 28, 28, 28, 28, 28, 28, 28, 28, 28, 28, 28, 28
ch106, 27, 27, 27, 27, 27, 27, 27, 27, 27, 27, 27, 27
ch108, 28, 28, 28, 28, 28, 28, 28, 28, 28, 28, 28, 28
ch110, 28, 28, 28, 28, 28, 28, 28, 28, 28, 28, 28, 28
ch112, 29, 29, 29, 29, 29, 29, 29, 29, 29, 29, 29, 29
ch114, x, x, x, x, x, x, x, x, x, x, x, x
ch116, 29, 29, 29, 29, 29, 29, 29, 29, 29, 29, 29, 29
ch118, 28, 28, 28, 28, 28, 28, 28, 28, 28, 28, 28, 28
ch120, 29, 29, 29, 29, 29, 29, 29, 29, 29, 29, 29, 29
ch122, 28, 28, 28, 28, 28, 28, 28, 28, 28, 28, 28, 28
ch124, 29, 29, 29, 29, 29, 29, 29, 29, 29, 29, 29, 29
ch126, 27, 27, 27, 27, 27, 27, 27, 27, 27, 27, 27, 27
ch128, 29, 29, 29, 29, 29, 29, 29, 29, 29, 29, 29, 29
ch132, 28, 28, 28, 28, 28, 28, 28, 28, 28, 28, 28, 28
ch134, 27, 27, 27, 27, 27, 27, 27, 27, 27, 27, 27, 27
ch136, 28, 28, 28, 28, 28, 28, 28, 28, 28, 28, 28, 28
ch138, 27, 27, 27, 27, 27, 27, 27, 27, 27, 27, 27, 27
ch140, 29, 29, 29, 29, 29, 29, 29, 29, 29, 29, 29, 29
ch142, 27, 27, 27, 27, 27, 27, 27, 27, 27, 27, 27, 27
ch144, 29, 29, 29, 29, 29, 29, 29, 29, 29, 29, 29, 29
ch149, 29, 29, 29, 29, 29, 29, 29, 29, 29, 29, 29, 29
ch151, 28, 28, 28, 28, 28, 28, 28, 28, 28, 28, 28, 28
ch153, 29, 29, 29, 29, 29, 29, 29, 29, 29, 29, 29, 29
ch155, 25, 25, 25, 25, 25, 25, 25, 25, 25, 25, 25, 25
ch157, 29, 29, 29, 29, 29, 29, 29, 29, 29, 29, 29, 29
ch159, 25, 25, 25, 25, 25, 25, 25, 25, 25, 25, 25, 25
ch161, 29, 29, 29, 29, 29, 29, 29, 29, 29, 29, 29, 29
ch165, 29, 29, 29, 29, 29, 29, 29, 29, 29, 29, 29, 29
</ru242>

<ru484, m0, m1, m2, m3, m4, m5, m6, m7, m8, m9, m10, m11>
ch038, 25, 25, 25, 25, 25, 25, 25, 25, 25, 25, 25, 25
ch042, 21, 21, 21, 21, 21, 21, 21, 21, 21, 21, 21, 21
ch046, 29, 29, 29, 29, 29, 29, 29, 29, 29, 29, 29, 29
ch050, x, x, x, x, x, x, x, x, x, x, x, x
ch054, 29, 29, 29, 29, 29, 29, 29, 29, 29, 29, 29, 29
ch058, 19, 19, 19, 19, 19, 19, 19, 19, 19, 19, 19, 19
ch062, 28, 28, 28, 28, 28, 28, 28, 28, 28, 28, 28, 28
ch102, 29, 29, 29, 29, 29, 29, 29, 29, 29, 29, 29, 29
ch106, 26, 26, 26, 26, 26, 26, 26, 26, 26, 26, 26, 26
ch110, 29, 29, 29, 29, 29, 29, 29, 29, 29, 29, 29, 29
ch114, x, x, x, x, x, x, x, x, x, x, x, x
ch118, 29, 29, 29, 29, 29, 29, 29, 29, 29, 29, 29, 29
ch122, 26, 26, 26, 26, 26, 26, 26, 26, 26, 26, 26, 26
ch126, 29, 29, 29, 29, 29, 29, 29, 29, 29, 29, 29, 29
ch134, 29, 29, 29, 29, 29, 29, 29, 29, 29, 29, 29, 29
ch138, 27, 27, 27, 27, 27, 27, 27, 27, 27, 27, 27, 27
ch142, 29, 29, 29, 29, 29, 29, 29, 29, 29, 29, 29, 29
ch151, 29, 29, 29, 29, 29, 29, 29, 29, 29, 29, 29, 29
ch155, 24, 24, 24, 24, 24, 24, 24, 24, 24, 24, 24, 24
ch159, 29, 29, 29, 29, 29, 29, 29, 29, 29, 29, 29, 29
</ru484>

<ru996, m0, m1, m2, m3, m4, m5, m6, m7, m8, m9, m10, m11> 
ch042, 22, 22, 22, 22, 22, 22, 22, 22, 22, 22, 22, 22
ch050, x, x, x, x, x, x, x, x, x, x, x, x
ch058, 21, 21, 21, 21, 21, 21, 21, 21, 21, 21, 21, 21
ch106, 27, 27, 27, 27, 27, 27, 27, 27, 27, 27, 27, 27
ch114, x, x, x, x, x, x, x, x, x, x, x, x
ch122, 29, 29, 29, 29, 29, 29, 29, 29, 29, 29, 29, 29
ch138, 29, 29, 29, 29, 29, 29, 29, 29, 29, 29, 29, 29
ch155, 29, 29, 29, 29, 29, 29, 29, 29, 29, 29, 29, 29
</ru996>

[BR]
<cck,  c1, c2, c5, c11>
ch001, 30, 30, 30, 30
ch002, 30, 30, 30, 30
ch003, 30, 30, 30, 30
ch004, 30, 30, 30, 30
ch005, 30, 30, 30, 30
ch006, 30, 30, 30, 30
ch007, 30, 30, 30, 30
ch008, 30, 30, 30, 30
ch009, 30, 30, 30, 30
ch010, 32, 32, 32, 32
ch011, 32, 32, 32, 32
ch012, 32, 32, 32, 32
ch013, 27, 27, 27, 27
ch014, x, x, x, x
</cck>

<ofdm, o6, o9, o12, o18, o24, o36, o48, o54>
ch001, 28, 28, 28, 28, 28, 28, 28, 28
ch002, 28, 28, 28, 28, 28, 28, 28, 28
ch003, 28, 28, 28, 28, 28, 28, 28, 28
ch004, 28, 28, 28, 28, 28, 28, 28, 28
ch005, 28, 28, 28, 28, 28, 28, 28, 28
ch006, 28, 28, 28, 28, 28, 28, 28, 28
ch007, 28, 28, 28, 28, 28, 28, 28, 28
ch008, 28, 28, 28, 28, 28, 28, 28, 28
ch009, 28, 28, 28, 28, 28, 28, 28, 28
ch010, 28, 28, 28, 28, 28, 28, 28, 28
ch011, 28, 28, 28, 28, 28, 28, 28, 28
ch012, 27, 27, 27, 27, 27, 27, 27, 27
ch013, 20, 20, 20, 20, 20, 20, 20, 20
ch014, x, x, x, x, x, x, x, x
ch036, 30, 30, 30, 30, 30, 30, 30, 30
ch038, 30, 30, 30, 30, 30, 30, 30, 30
ch040, 30, 30, 30, 30, 30, 30, 30, 30
ch042, 30, 30, 30, 30, 30, 30, 30, 30
ch044, 32, 32, 32, 32, 32, 32, 32, 32
ch046, 32, 32, 32, 32, 32, 32, 32, 32
ch048, 32, 32, 32, 32, 32, 32, 32, 32
ch050, x, x, x, x, x, x, x, x
ch052, 32, 32, 32, 32, 32, 32, 32, 32
ch054, 32, 32, 32, 32, 32, 32, 32, 32
ch056, 32, 32, 32, 32, 32, 32, 32, 32
ch058, 32, 32, 32, 32, 32, 32, 32, 32
ch060, 32, 32, 32, 32, 32, 32, 32, 32
ch062, 32, 32, 32, 32, 32, 32, 32, 32
ch064, 30, 30, 30, 30, 30, 30, 30, 30
ch100, 32, 32, 32, 32, 32, 32, 32, 32
ch102, 32, 32, 32, 32, 32, 32, 32, 32
ch104, 32, 32, 32, 32, 32, 32, 32, 32
ch106, 32, 32, 32, 32, 32, 32, 32, 32
ch108, 32, 32, 32, 32, 32, 32, 32, 32
ch110, 32, 32, 32, 32, 32, 32, 32, 32
ch112, 32, 32, 32, 32, 32, 32, 32, 32
ch114, x, x, x, x, x, x, x, x
ch116, 32, 32, 32, 32, 32, 32, 32, 32
ch118, 32, 32, 32, 32, 32, 32, 32, 32
ch120, 32, 32, 32, 32, 32, 32, 32, 32
ch122, 32, 32, 32, 32, 32, 32, 32, 32
ch124, 32, 32, 32, 32, 32, 32, 32, 32
ch126, 32, 32, 32, 32, 32, 32, 32, 32
ch128, 32, 32, 32, 32, 32, 32, 32, 32
ch132, 32, 32, 32, 32, 32, 32, 32, 32
ch134, 31, 31, 31, 31, 31, 31, 31, 31
ch136, 31, 31, 31, 31, 31, 31, 31, 31
ch138, x, x, x, x, x, x, x, x
ch140, 31, 31, 31, 31, 31, 31, 31, 31
ch142, x, x, x, x, x, x, x, x
ch144, x, x, x, x, x, x, x, x
ch149, 32, 32, 32, 32, 32, 32, 32, 32
ch151, 32, 32, 32, 32, 32, 32, 32, 32
ch153, 32, 32, 32, 32, 32, 32, 32, 32
ch155, 32, 32, 32, 32, 32, 32, 32, 32
ch157, 32, 32, 32, 32, 32, 32, 32, 32
ch159, 32, 32, 32, 32, 32, 32, 32, 32
ch161, 32, 32, 32, 32, 32, 32, 32, 32
ch165, 32, 32, 32, 32, 32, 32, 32, 32
</ofdm>

<ht20, m0, m1, m2, m3, m4, m5, m6, m7>
ch001, 28, 28, 28, 28, 28, 28, 28, 28
ch002, 28, 28, 28, 28, 28, 28, 28, 28
ch003, 28, 28, 28, 28, 28, 28, 28, 28
ch004, 28, 28, 28, 28, 28, 28, 28, 28
ch005, 28, 28, 28, 28, 28, 28, 28, 28
ch006, 28, 28, 28, 28, 28, 28, 28, 28
ch007, 28, 28, 28, 28, 28, 28, 28, 28
ch008, 28, 28, 28, 28, 28, 28, 28, 28
ch009, 28, 28, 28, 28, 28, 28, 28, 28
ch010, 28, 28, 28, 28, 28, 28, 28, 28
ch011, 28, 28, 28, 28, 28, 28, 28, 28
ch012, 26, 26, 26, 26, 26, 26, 26, 26
ch013, 20, 20, 20, 20, 20, 20, 20, 20
ch014, x, x, x, x, x, x, x, x
ch036, 28, 28, 28, 28, 28, 28, 28, 28
ch038, 28, 28, 28, 28, 28, 28, 28, 28
ch040, 28, 28, 28, 28, 28, 28, 28, 28
ch042, 28, 28, 28, 28, 28, 28, 28, 28
ch044, 28, 28, 28, 28, 28, 28, 28, 28
ch046, 28, 28, 28, 28, 28, 28, 28, 28
ch048, 28, 28, 28, 28, 28, 28, 28, 28
ch050, x, x, x, x, x, x, x, x
ch052, 28, 28, 28, 28, 28, 28, 28, 28
ch054, 28, 28, 28, 28, 28, 28, 28, 28
ch056, 28, 28, 28, 28, 28, 28, 28, 28
ch058, 28, 28, 28, 28, 28, 28, 28, 28
ch060, 28, 28, 28, 28, 28, 28, 28, 28
ch062, 28, 28, 28, 28, 28, 28, 28, 28
ch064, 28, 28, 28, 28, 28, 28, 28, 28
ch100, 28, 28, 28, 28, 28, 28, 28, 28
ch102, 28, 28, 28, 28, 28, 28, 28, 28
ch104, 28, 28, 28, 28, 28, 28, 28, 28
ch106, 28, 28, 28, 28, 28, 28, 28, 28
ch108, 28, 28, 28, 28, 28, 28, 28, 28
ch110, 28, 28, 28, 28, 28, 28, 28, 28
ch112, 28, 28, 28, 28, 28, 28, 28, 28
ch114, x, x, x, x, x, x, x, x
ch116, 28, 28, 28, 28, 28, 28, 28, 28
ch118, 28, 28, 28, 28, 28, 28, 28, 28
ch120, 28, 28, 28, 28, 28, 28, 28, 28
ch122, 28, 28, 28, 28, 28, 28, 28, 28
ch124, 28, 28, 28, 28, 28, 28, 28, 28
ch126, 28, 28, 28, 28, 28, 28, 28, 28
ch128, 28, 28, 28, 28, 28, 28, 28, 28
ch132, 28, 28, 28, 28, 28, 28, 28, 28
ch134, 28, 28, 28, 28, 28, 28, 28, 28
ch136, 28, 28, 28, 28, 28, 28, 28, 28
ch138, x, x, x, x, x, x, x, x
ch140, 28, 28, 28, 28, 28, 28, 28, 28
ch142, x, x, x, x, x, x, x, x
ch144, x, x, x, x, x, x, x, x
ch149, 28, 28, 28, 28, 28, 28, 28, 28
ch151, 28, 28, 28, 28, 28, 28, 28, 28
ch153, 28, 28, 28, 28, 28, 28, 28, 28
ch155, 28, 28, 28, 28, 28, 28, 28, 28
ch157, 28, 28, 28, 28, 28, 28, 28, 28
ch159, 28, 28, 28, 28, 28, 28, 28, 28
ch161, 28, 28, 28, 28, 28, 28, 28, 28
ch165, 28, 28, 28, 28, 28, 28, 28, 28
</ht20>

<ht40, m0, m1, m2, m3, m4, m5, m6, m7, m32> 
ch038, 25, 25, 25, 25, 25, 25, 25, 25, 25
ch042, 25, 25, 25, 25, 25, 25, 25, 25, 25
ch046, 28, 28, 28, 28, 28, 28, 28, 28, 28
ch050, x, x, x, x, x, x, x, x, x
ch054, 28, 28, 28, 28, 28, 28, 28, 28, 28
ch058, 28, 28, 28, 28, 28, 28, 28, 28, 28
ch062, 28, 28, 28, 28, 28, 28, 28, 28, 28
ch102, 28, 28, 28, 28, 28, 28, 28, 28, 28
ch106, 28, 28, 28, 28, 28, 28, 28, 28, 28
ch110, 28, 28, 28, 28, 28, 28, 28, 28, 28
ch114, x, x, x, x, x, x, x, x, x
ch118, 28, 28, 28, 28, 28, 28, 28, 28, 28
ch122, 28, 28, 28, 28, 28, 28, 28, 28, 28
ch126, 28, 28, 28, 28, 28, 28, 28, 28, 28
ch134, 28, 28, 28, 28, 28, 28, 28, 28, 28
ch138, x, x, x, x, x, x, x, x, x
ch142, x, x, x, x, x, x, x, x, x
ch151, 28, 28, 28, 28, 28, 28, 28, 28, 28
ch155, 28, 28, 28, 28, 28, 28, 28, 28, 28
ch159, 28, 28, 28, 28, 28, 28, 28, 28, 28
</ht40>

<vht20, m0, m1, m2, m3, m4, m5, m6, m7, m8, m9>
ch001, 28, 28, 28, 28, 28, 28, 28, 28, 28, 28
ch002, 28, 28, 28, 28, 28, 28, 28, 28, 28, 28
ch003, 28, 28, 28, 28, 28, 28, 28, 28, 28, 28
ch004, 28, 28, 28, 28, 28, 28, 28, 28, 28, 28
ch005, 28, 28, 28, 28, 28, 28, 28, 28, 28, 28
ch006, 28, 28, 28, 28, 28, 28, 28, 28, 28, 28
ch007, 28, 28, 28, 28, 28, 28, 28, 28, 28, 28
ch008, 28, 28, 28, 28, 28, 28, 28, 28, 28, 28
ch009, 28, 28, 28, 28, 28, 28, 28, 28, 28, 28
ch010, 28, 28, 28, 28, 28, 28, 28, 28, 28, 28
ch011, 28, 28, 28, 28, 28, 28, 28, 28, 28, 28
ch012, 26, 26, 26, 26, 26, 26, 26, 26, 26, 26
ch013, 20, 20, 20, 20, 20, 20, 20, 20, 20, 20
ch014, x, x, x, x, x, x, x, x, x, x
ch036, 28, 28, 28, 28, 28, 28, 28, 28, 28, 28
ch038, 28, 28, 28, 28, 28, 28, 28, 28, 28, 28
ch040, 28, 28, 28, 28, 28, 28, 28, 28, 28, 28
ch042, 28, 28, 28, 28, 28, 28, 28, 28, 28, 28
ch044, 28, 28, 28, 28, 28, 28, 28, 28, 28, 28
ch046, 28, 28, 28, 28, 28, 28, 28, 28, 28, 28
ch048, 28, 28, 28, 28, 28, 28, 28, 28, 28, 28
ch050, x, x, x, x, x, x, x, x, x, x
ch052, 28, 28, 28, 28, 28, 28, 28, 28, 28, 28
ch054, 28, 28, 28, 28, 28, 28, 28, 28, 28, 28
ch056, 28, 28, 28, 28, 28, 28, 28, 28, 28, 28
ch058, 28, 28, 28, 28, 28, 28, 28, 28, 28, 28
ch060, 28, 28, 28, 28, 28, 28, 28, 28, 28, 28
ch062, 28, 28, 28, 28, 28, 28, 28, 28, 28, 28
ch064, 28, 28, 28, 28, 28, 28, 28, 28, 28, 28
ch100, 28, 28, 28, 28, 28, 28, 28, 28, 28, 28
ch102, 28, 28, 28, 28, 28, 28, 28, 28, 28, 28
ch104, 28, 28, 28, 28, 28, 28, 28, 28, 28, 28
ch106, 28, 28, 28, 28, 28, 28, 28, 28, 28, 28
ch108, 28, 28, 28, 28, 28, 28, 28, 28, 28, 28
ch110, 28, 28, 28, 28, 28, 28, 28, 28, 28, 28
ch112, 28, 28, 28, 28, 28, 28, 28, 28, 28, 28
ch114, x, x, x, x, x, x, x, x, x, x
ch116, 28, 28, 28, 28, 28, 28, 28, 28, 28, 28
ch118, 28, 28, 28, 28, 28, 28, 28, 28, 28, 28
ch120, 28, 28, 28, 28, 28, 28, 28, 28, 28, 28
ch122, 28, 28, 28, 28, 28, 28, 28, 28, 28, 28
ch124, 28, 28, 28, 28, 28, 28, 28, 28, 28, 28
ch126, 28, 28, 28, 28, 28, 28, 28, 28, 28, 28
ch128, 28, 28, 28, 28, 28, 28, 28, 28, 28, 28
ch132, 28, 28, 28, 28, 28, 28, 28, 28, 28, 28
ch134, 28, 28, 28, 28, 28, 28, 28, 28, 28, 28
ch136, 28, 28, 28, 28, 28, 28, 28, 28, 28, 28
ch138, x, x, x, x, x, x, x, x, x, x
ch140, 28, 28, 28, 28, 28, 28, 28, 28, 28, 28
ch142, x, x, x, x, x, x, x, x, x, x
ch144, x, x, x, x, x, x, x, x, x, x
ch149, 28, 28, 28, 28, 28, 28, 28, 28, 28, 28
ch151, 28, 28, 28, 28, 28, 28, 28, 28, 28, 28
ch153, 28, 28, 28, 28, 28, 28, 28, 28, 28, 28
ch155, 28, 28, 28, 28, 28, 28, 28, 28, 28, 28
ch157, 28, 28, 28, 28, 28, 28, 28, 28, 28, 28
ch159, 28, 28, 28, 28, 28, 28, 28, 28, 28, 28
ch161, 28, 28, 28, 28, 28, 28, 28, 28, 28, 28
ch165, 28, 28, 28, 28, 28, 28, 28, 28, 28, 28
</vht20>

<vht40, m0, m1, m2, m3, m4, m5, m6, m7, m8, m9>
ch038, 25, 25, 25, 25, 25, 25, 25, 25, 25, 25
ch042, 25, 25, 25, 25, 25, 25, 25, 25, 25, 25
ch046, 28, 28, 28, 28, 28, 28, 28, 28, 28, 28
ch050, x, x, x, x, x, x, x, x, x, x
ch054, 28, 28, 28, 28, 28, 28, 28, 28, 28, 28
ch058, 28, 28, 28, 28, 28, 28, 28, 28, 28, 28
ch062, 28, 28, 28, 28, 28, 28, 28, 28, 28, 28
ch102, 28, 28, 28, 28, 28, 28, 28, 28, 28, 28
ch106, 28, 28, 28, 28, 28, 28, 28, 28, 28, 28
ch110, 28, 28, 28, 28, 28, 28, 28, 28, 28, 28
ch114, x, x, x, x, x, x, x, x, x, x
ch118, 28, 28, 28, 28, 28, 28, 28, 28, 28, 28
ch122, 28, 28, 28, 28, 28, 28, 28, 28, 28, 28
ch126, 28, 28, 28, 28, 28, 28, 28, 28, 28, 28
ch134, 28, 28, 28, 28, 28, 28, 28, 28, 28, 28
ch138, x, x, x, x, x, x, x, x, x, x
ch142, x, x, x, x, x, x, x, x, x, x
ch151, 28, 28, 28, 28, 28, 28, 28, 28, 28, 28
ch155, 28, 28, 28, 28, 28, 28, 28, 28, 28, 28
ch159, 28, 28, 28, 28, 28, 28, 28, 28, 28, 28
</vht40>

<vht80, m0, m1, m2, m3, m4, m5, m6, m7, m8, m9> 
ch042, 22, 22, 22, 22, 22, 22, 22, 22, 22, 22
ch050, x, x, x, x, x, x, x, x, x, x
ch058, 21, 21, 21, 21, 21, 21, 21, 21, 21, 21
ch106, 27, 27, 27, 27, 27, 27, 27, 27, 27, 27
ch114, x, x, x, x, x, x, x, x, x, x
ch122, 28, 28, 28, 28, 28, 28, 28, 28, 28, 28
ch138, x, x, x, x, x, x, x, x, x, x
ch155, 28, 28, 28, 28, 28, 28, 28, 28, 28, 28
</vht80>

<ru26, m0, m1, m2, m3, m4, m5, m6, m7, m8, m9, m10, m11>
ch001, 10, 10, 10, 10, 10, 10, 10, 10, 10, 10, 10, 10
ch002, 10, 10, 10, 10, 10, 10, 10, 10, 10, 10, 10, 10
ch003, 10, 10, 10, 10, 10, 10, 10, 10, 10, 10, 10, 10
ch004, 10, 10, 10, 10, 10, 10, 10, 10, 10, 10, 10, 10
ch005, 10, 10, 10, 10, 10, 10, 10, 10, 10, 10, 10, 10
ch006, 10, 10, 10, 10, 10, 10, 10, 10, 10, 10, 10, 10
ch007, 10, 10, 10, 10, 10, 10, 10, 10, 10, 10, 10, 10
ch008, 10, 10, 10, 10, 10, 10, 10, 10, 10, 10, 10, 10
ch009, 10, 10, 10, 10, 10, 10, 10, 10, 10, 10, 10, 10
ch010, 10, 10, 10, 10, 10, 10, 10, 10, 10, 10, 10, 10
ch011, 10, 10, 10, 10, 10, 10, 10, 10, 10, 10, 10, 10
ch012, 10, 10, 10, 10, 10, 10, 10, 10, 10, 10, 10, 10
ch013, 8, 8, 8, 8, 8, 8, 8, 8, 8, 8, 8, 8
ch014, x, x, x, x, x, x, x, x, x, x, x, x
ch036, 12, 12, 12, 12, 12, 12, 12, 12, 12, 12, 12, 12
ch038, 12, 12, 12, 12, 12, 12, 12, 12, 12, 12, 12, 12
ch040, 12, 12, 12, 12, 12, 12, 12, 12, 12, 12, 12, 12
ch042, 12, 12, 12, 12, 12, 12, 12, 12, 12, 12, 12, 12
ch044, 11, 11, 11, 11, 11, 11, 11, 11, 11, 11, 11, 11
ch046, 11, 11, 11, 11, 11, 11, 11, 11, 11, 11, 11, 11
ch048, 8, 8, 8, 8, 8, 8, 8, 8, 8, 8, 8, 8
ch050, x, x, x, x, x, x, x, x, x, x, x, x
ch052, 9, 9, 9, 9, 9, 9, 9, 9, 9, 9, 9, 9
ch054, 9, 9, 9, 9, 9, 9, 9, 9, 9, 9, 9, 9
ch056, 9, 9, 9, 9, 9, 9, 9, 9, 9, 9, 9, 9
ch058, 9, 9, 9, 9, 9, 9, 9, 9, 9, 9, 9, 9
ch060, 13, 13, 13, 13, 13, 13, 13, 13, 13, 13, 13, 13
ch062, 13, 13, 13, 13, 13, 13, 13, 13, 13, 13, 13, 13
ch064, 10, 10, 10, 10, 10, 10, 10, 10, 10, 10, 10, 10
ch100, 11, 11, 11, 11, 11, 11, 11, 11, 11, 11, 11, 11
ch102, 11, 11, 11, 11, 11, 11, 11, 11, 11, 11, 11, 11
ch104, 11, 11, 11, 11, 11, 11, 11, 11, 11, 11, 11, 11
ch106, 11, 11, 11, 11, 11, 11, 11, 11, 11, 11, 11, 11
ch108, 11, 11, 11, 11, 11, 11, 11, 11, 11, 11, 11, 11
ch110, 11, 11, 11, 11, 11, 11, 11, 11, 11, 11, 11, 11
ch112, 12, 12, 12, 12, 12, 12, 12, 12, 12, 12, 12, 12
ch114, x, x, x, x, x, x, x, x, x, x, x, x
ch116, 12, 12, 12, 12, 12, 12, 12, 12, 12, 12, 12, 12
ch118, 12, 12, 12, 12, 12, 12, 12, 12, 12, 12, 12, 12
ch120, 12, 12, 12, 12, 12, 12, 12, 12, 12, 12, 12, 12
ch122, 12, 12, 12, 12, 12, 12, 12, 12, 12, 12, 12, 12
ch124, 12, 12, 12, 12, 12, 12, 12, 12, 12, 12, 12, 12
ch126, 12, 12, 12, 12, 12, 12, 12, 12, 12, 12, 12, 12
ch128, 12, 12, 12, 12, 12, 12, 12, 12, 12, 12, 12, 12
ch132, 12, 12, 12, 12, 12, 12, 12, 12, 12, 12, 12, 12
ch134, 10, 10, 10, 10, 10, 10, 10, 10, 10, 10, 10, 10
ch136, 10, 10, 10, 10, 10, 10, 10, 10, 10, 10, 10, 10
ch138, x, x, x, x, x, x, x, x, x, x, x, x
ch140, 10, 10, 10, 10, 10, 10, 10, 10, 10, 10, 10, 10
ch142, x, x, x, x, x, x, x, x, x, x, x, x
ch144, x, x, x, x, x, x, x, x, x, x, x, x
ch149, 12, 12, 12, 12, 12, 12, 12, 12, 12, 12, 12, 12
ch151, 12, 12, 12, 12, 12, 12, 12, 12, 12, 12, 12, 12
ch153, 12, 12, 12, 12, 12, 12, 12, 12, 12, 12, 12, 12
ch155, 14, 14, 14, 14, 14, 14, 14, 14, 14, 14, 14, 14
ch157, 14, 14, 14, 14, 14, 14, 14, 14, 14, 14, 14, 14
ch159, 13, 13, 13, 13, 13, 13, 13, 13, 13, 13, 13, 13
ch161, 13, 13, 13, 13, 13, 13, 13, 13, 13, 13, 13, 13
ch165, 13, 13, 13, 13, 13, 13, 13, 13, 13, 13, 13, 13
</ru26>

<ru52, m0, m1, m2, m3, m4, m5, m6, m7, m8, m9, m10, m11>
ch001, 19, 19, 19, 19, 19, 19, 19, 19, 19, 19, 19, 19
ch002, 19, 19, 19, 19, 19, 19, 19, 19, 19, 19, 19, 19
ch003, 16, 16, 16, 16, 16, 16, 16, 16, 16, 16, 16, 16
ch004, 16, 16, 16, 16, 16, 16, 16, 16, 16, 16, 16, 16
ch005, 16, 16, 16, 16, 16, 16, 16, 16, 16, 16, 16, 16
ch006, 16, 16, 16, 16, 16, 16, 16, 16, 16, 16, 16, 16
ch007, 16, 16, 16, 16, 16, 16, 16, 16, 16, 16, 16, 16
ch008, 16, 16, 16, 16, 16, 16, 16, 16, 16, 16, 16, 16
ch009, 16, 16, 16, 16, 16, 16, 16, 16, 16, 16, 16, 16
ch010, 16, 16, 16, 16, 16, 16, 16, 16, 16, 16, 16, 16
ch011, 16, 16, 16, 16, 16, 16, 16, 16, 16, 16, 16, 16
ch012, 16, 16, 16, 16, 16, 16, 16, 16, 16, 16, 16, 16
ch013, 14, 14, 14, 14, 14, 14, 14, 14, 14, 14, 14, 14
ch014, x, x, x, x, x, x, x, x, x, x, x, x
ch036, 17, 17, 17, 17, 17, 17, 17, 17, 17, 17, 17, 17
ch038, 17, 17, 17, 17, 17, 17, 17, 17, 17, 17, 17, 17
ch040, 17, 17, 17, 17, 17, 17, 17, 17, 17, 17, 17, 17
ch042, 17, 17, 17, 17, 17, 17, 17, 17, 17, 17, 17, 17
ch044, 15, 15, 15, 15, 15, 15, 15, 15, 15, 15, 15, 15
ch046, 15, 15, 15, 15, 15, 15, 15, 15, 15, 15, 15, 15
ch048, 15, 15, 15, 15, 15, 15, 15, 15, 15, 15, 15, 15
ch050, x, x, x, x, x, x, x, x, x, x, x, x
ch052, 15, 15, 15, 15, 15, 15, 15, 15, 15, 15, 15, 15
ch054, 15, 15, 15, 15, 15, 15, 15, 15, 15, 15, 15, 15
ch056, 15, 15, 15, 15, 15, 15, 15, 15, 15, 15, 15, 15
ch058, 15, 15, 15, 15, 15, 15, 15, 15, 15, 15, 15, 15
ch060, 17, 17, 17, 17, 17, 17, 17, 17, 17, 17, 17, 17
ch062, 17, 17, 17, 17, 17, 17, 17, 17, 17, 17, 17, 17
ch064, 16, 16, 16, 16, 16, 16, 16, 16, 16, 16, 16, 16
ch100, 17, 17, 17, 17, 17, 17, 17, 17, 17, 17, 17, 17
ch102, 17, 17, 17, 17, 17, 17, 17, 17, 17, 17, 17, 17
ch104, 17, 17, 17, 17, 17, 17, 17, 17, 17, 17, 17, 17
ch106, 17, 17, 17, 17, 17, 17, 17, 17, 17, 17, 17, 17
ch108, 17, 17, 17, 17, 17, 17, 17, 17, 17, 17, 17, 17
ch110, 17, 17, 17, 17, 17, 17, 17, 17, 17, 17, 17, 17
ch112, 16, 16, 16, 16, 16, 16, 16, 16, 16, 16, 16, 16
ch114, x, x, x, x, x, x, x, x, x, x, x, x
ch116, 16, 16, 16, 16, 16, 16, 16, 16, 16, 16, 16, 16
ch118, 16, 16, 16, 16, 16, 16, 16, 16, 16, 16, 16, 16
ch120, 16, 16, 16, 16, 16, 16, 16, 16, 16, 16, 16, 16
ch122, 16, 16, 16, 16, 16, 16, 16, 16, 16, 16, 16, 16
ch124, 16, 16, 16, 16, 16, 16, 16, 16, 16, 16, 16, 16
ch126, 16, 16, 16, 16, 16, 16, 16, 16, 16, 16, 16, 16
ch128, 16, 16, 16, 16, 16, 16, 16, 16, 16, 16, 16, 16
ch132, 16, 16, 16, 16, 16, 16, 16, 16, 16, 16, 16, 16
ch134, 17, 17, 17, 17, 17, 17, 17, 17, 17, 17, 17, 17
ch136, 17, 17, 17, 17, 17, 17, 17, 17, 17, 17, 17, 17
ch138, x, x, x, x, x, x, x, x, x, x, x, x
ch140, 17, 17, 17, 17, 17, 17, 17, 17, 17, 17, 17, 17
ch142, x, x, x, x, x, x, x, x, x, x, x, x
ch144, x, x, x, x, x, x, x, x, x, x, x, x
ch149, 20, 20, 20, 20, 20, 20, 20, 20, 20, 20, 20, 20
ch151, 20, 20, 20, 20, 20, 20, 20, 20, 20, 20, 20, 20
ch153, 20, 20, 20, 20, 20, 20, 20, 20, 20, 20, 20, 20
ch155, 20, 20, 20, 20, 20, 20, 20, 20, 20, 20, 20, 20
ch157, 20, 20, 20, 20, 20, 20, 20, 20, 20, 20, 20, 20
ch159, 21, 21, 21, 21, 21, 21, 21, 21, 21, 21, 21, 21
ch161, 21, 21, 21, 21, 21, 21, 21, 21, 21, 21, 21, 21
ch165, 21, 21, 21, 21, 21, 21, 21, 21, 21, 21, 21, 21
</ru52>

<ru106, m0, m1, m2, m3, m4, m5, m6, m7, m8, m9, m10, m11>
ch001, 24, 24, 24, 24, 24, 24, 24, 24, 24, 24, 24, 24
ch002, 24, 24, 24, 24, 24, 24, 24, 24, 24, 24, 24, 24
ch003, 22, 22, 22, 22, 22, 22, 22, 22, 22, 22, 22, 22
ch004, 22, 22, 22, 22, 22, 22, 22, 22, 22, 22, 22, 22
ch005, 22, 22, 22, 22, 22, 22, 22, 22, 22, 22, 22, 22
ch006, 22, 22, 22, 22, 22, 22, 22, 22, 22, 22, 22, 22
ch007, 22, 22, 22, 22, 22, 22, 22, 22, 22, 22, 22, 22
ch008, 22, 22, 22, 22, 22, 22, 22, 22, 22, 22, 22, 22
ch009, 22, 22, 22, 22, 22, 22, 22, 22, 22, 22, 22, 22
ch010, 22, 22, 22, 22, 22, 22, 22, 22, 22, 22, 22, 22
ch011, 22, 22, 22, 22, 22, 22, 22, 22, 22, 22, 22, 22
ch012, 21, 21, 21, 21, 21, 21, 21, 21, 21, 21, 21, 21
ch013, 18, 18, 18, 18, 18, 18, 18, 18, 18, 18, 18, 18
ch014, x, x, x, x, x, x, x, x, x, x, x, x
ch036, 24, 24, 24, 24, 24, 24, 24, 24, 24, 24, 24, 24
ch038, 24, 24, 24, 24, 24, 24, 24, 24, 24, 24, 24, 24
ch040, 24, 24, 24, 24, 24, 24, 24, 24, 24, 24, 24, 24
ch042, 24, 24, 24, 24, 24, 24, 24, 24, 24, 24, 24, 24
ch044, 21, 21, 21, 21, 21, 21, 21, 21, 21, 21, 21, 21
ch046, 21, 21, 21, 21, 21, 21, 21, 21, 21, 21, 21, 21
ch048, 20, 20, 20, 20, 20, 20, 20, 20, 20, 20, 20, 20
ch050, x, x, x, x, x, x, x, x, x, x, x, x
ch052, 20, 20, 20, 20, 20, 20, 20, 20, 20, 20, 20, 20
ch054, 20, 20, 20, 20, 20, 20, 20, 20, 20, 20, 20, 20
ch056, 20, 20, 20, 20, 20, 20, 20, 20, 20, 20, 20, 20
ch058, 20, 20, 20, 20, 20, 20, 20, 20, 20, 20, 20, 20
ch060, 23, 23, 23, 23, 23, 23, 23, 23, 23, 23, 23, 23
ch062, 23, 23, 23, 23, 23, 23, 23, 23, 23, 23, 23, 23
ch064, 22, 22, 22, 22, 22, 22, 22, 22, 22, 22, 22, 22
ch100, 23, 23, 23, 23, 23, 23, 23, 23, 23, 23, 23, 23
ch102, 23, 23, 23, 23, 23, 23, 23, 23, 23, 23, 23, 23
ch104, 23, 23, 23, 23, 23, 23, 23, 23, 23, 23, 23, 23
ch106, 23, 23, 23, 23, 23, 23, 23, 23, 23, 23, 23, 23
ch108, 23, 23, 23, 23, 23, 23, 23, 23, 23, 23, 23, 23
ch110, 23, 23, 23, 23, 23, 23, 23, 23, 23, 23, 23, 23
ch112, 23, 23, 23, 23, 23, 23, 23, 23, 23, 23, 23, 23
ch114, x, x, x, x, x, x, x, x, x, x, x, x
ch116, 23, 23, 23, 23, 23, 23, 23, 23, 23, 23, 23, 23
ch118, 23, 23, 23, 23, 23, 23, 23, 23, 23, 23, 23, 23
ch120, 23, 23, 23, 23, 23, 23, 23, 23, 23, 23, 23, 23
ch122, 23, 23, 23, 23, 23, 23, 23, 23, 23, 23, 23, 23
ch124, 23, 23, 23, 23, 23, 23, 23, 23, 23, 23, 23, 23
ch126, 23, 23, 23, 23, 23, 23, 23, 23, 23, 23, 23, 23
ch128, 23, 23, 23, 23, 23, 23, 23, 23, 23, 23, 23, 23
ch132, 23, 23, 23, 23, 23, 23, 23, 23, 23, 23, 23, 23
ch134, 23, 23, 23, 23, 23, 23, 23, 23, 23, 23, 23, 23
ch136, 23, 23, 23, 23, 23, 23, 23, 23, 23, 23, 23, 23
ch138, x, x, x, x, x, x, x, x, x, x, x, x
ch140, 23, 23, 23, 23, 23, 23, 23, 23, 23, 23, 23, 23
ch142, x, x, x, x, x, x, x, x, x, x, x, x
ch144, x, x, x, x, x, x, x, x, x, x, x, x
ch149, 26, 26, 26, 26, 26, 26, 26, 26, 26, 26, 26, 26
ch151, 26, 26, 26, 26, 26, 26, 26, 26, 26, 26, 26, 26
ch153, 26, 26, 26, 26, 26, 26, 26, 26, 26, 26, 26, 26
ch155, 26, 26, 26, 26, 26, 26, 26, 26, 26, 26, 26, 26
ch157, 26, 26, 26, 26, 26, 26, 26, 26, 26, 26, 26, 26
ch159, 27, 27, 27, 27, 27, 27, 27, 27, 27, 27, 27, 27
ch161, 27, 27, 27, 27, 27, 27, 27, 27, 27, 27, 27, 27
ch165, 27, 27, 27, 27, 27, 27, 27, 27, 27, 27, 27, 27
</ru106>

<ru242, m0, m1, m2, m3, m4, m5, m6, m7, m8, m9, m10, m11>
ch001, 26, 26, 26, 26, 26, 26, 26, 26, 26, 26, 26, 26
ch002, 26, 26, 26, 26, 26, 26, 26, 26, 26, 26, 26, 26
ch003, 26, 26, 26, 26, 26, 26, 26, 26, 26, 26, 26, 26
ch004, 26, 26, 26, 26, 26, 26, 26, 26, 26, 26, 26, 26
ch005, 26, 26, 26, 26, 26, 26, 26, 26, 26, 26, 26, 26
ch006, 26, 26, 26, 26, 26, 26, 26, 26, 26, 26, 26, 26
ch007, 26, 26, 26, 26, 26, 26, 26, 26, 26, 26, 26, 26
ch008, 26, 26, 26, 26, 26, 26, 26, 26, 26, 26, 26, 26
ch009, 26, 26, 26, 26, 26, 26, 26, 26, 26, 26, 26, 26
ch010, 26, 26, 26, 26, 26, 26, 26, 26, 26, 26, 26, 26
ch011, 26, 26, 26, 26, 26, 26, 26, 26, 26, 26, 26, 26
ch012, 26, 26, 26, 26, 26, 26, 26, 26, 26, 26, 26, 26
ch013, 26, 26, 26, 26, 26, 26, 26, 26, 26, 26, 26, 26
ch014, x, x, x, x, x, x, x, x, x, x, x, x
ch036, 28, 28, 28, 28, 28, 28, 28, 28, 28, 28, 28, 28
ch038, 22, 22, 22, 22, 22, 22, 22, 22, 22, 22, 22, 22
ch040, 28, 28, 28, 28, 28, 28, 28, 28, 28, 28, 28, 28
ch042, 22, 22, 22, 22, 22, 22, 22, 22, 22, 22, 22, 22
ch044, 28, 28, 28, 28, 28, 28, 28, 28, 28, 28, 28, 28
ch046, 27, 27, 27, 27, 27, 27, 27, 27, 27, 27, 27, 27
ch048, 28, 28, 28, 28, 28, 28, 28, 28, 28, 28, 28, 28
ch050, x, x, x, x, x, x, x, x, x, x, x, x
ch052, 28, 28, 28, 28, 28, 28, 28, 28, 28, 28, 28, 28
ch054, 27, 27, 27, 27, 27, 27, 27, 27, 27, 27, 27, 27
ch056, 28, 28, 28, 28, 28, 28, 28, 28, 28, 28, 28, 28
ch058, 26, 26, 26, 26, 26, 26, 26, 26, 26, 26, 26, 26
ch060, 28, 28, 28, 28, 28, 28, 28, 28, 28, 28, 28, 28
ch062, 26, 26, 26, 26, 26, 26, 26, 26, 26, 26, 26, 26
ch064, 28, 28, 28, 28, 28, 28, 28, 28, 28, 28, 28, 28
ch100, 28, 28, 28, 28, 28, 28, 28, 28, 28, 28, 28, 28
ch102, 26, 26, 26, 26, 26, 26, 26, 26, 26, 26, 26, 26
ch104, 28, 28, 28, 28, 28, 28, 28, 28, 28, 28, 28, 28
ch106, 26, 26, 26, 26, 26, 26, 26, 26, 26, 26, 26, 26
ch108, 28, 28, 28, 28, 28, 28, 28, 28, 28, 28, 28, 28
ch110, 27, 27, 27, 27, 27, 27, 27, 27, 27, 27, 27, 27
ch112, 28, 28, 28, 28, 28, 28, 28, 28, 28, 28, 28, 28
ch114, x, x, x, x, x, x, x, x, x, x, x, x
ch116, 28, 28, 28, 28, 28, 28, 28, 28, 28, 28, 28, 28
ch118, 27, 27, 27, 27, 27, 27, 27, 27, 27, 27, 27, 27
ch120, 28, 28, 28, 28, 28, 28, 28, 28, 28, 28, 28, 28
ch122, 27, 27, 27, 27, 27, 27, 27, 27, 27, 27, 27, 27
ch124, 28, 28, 28, 28, 28, 28, 28, 28, 28, 28, 28, 28
ch126, 26, 26, 26, 26, 26, 26, 26, 26, 26, 26, 26, 26
ch128, 28, 28, 28, 28, 28, 28, 28, 28, 28, 28, 28, 28
ch132, 28, 28, 28, 28, 28, 28, 28, 28, 28, 28, 28, 28
ch134, 26, 26, 26, 26, 26, 26, 26, 26, 26, 26, 26, 26
ch136, 28, 28, 28, 28, 28, 28, 28, 28, 28, 28, 28, 28
ch138, x, x, x, x, x, x, x, x, x, x, x, x
ch140, 28, 28, 28, 28, 28, 28, 28, 28, 28, 28, 28, 28
ch142, x, x, x, x, x, x, x, x, x, x, x, x
ch144, x, x, x, x, x, x, x, x, x, x, x, x
ch149, 28, 28, 28, 28, 28, 28, 28, 28, 28, 28, 28, 28
ch151, 27, 27, 27, 27, 27, 27, 27, 27, 27, 27, 27, 27
ch153, 28, 28, 28, 28, 28, 28, 28, 28, 28, 28, 28, 28
ch155, 24, 24, 24, 24, 24, 24, 24, 24, 24, 24, 24, 24
ch157, 28, 28, 28, 28, 28, 28, 28, 28, 28, 28, 28, 28
ch159, 24, 24, 24, 24, 24, 24, 24, 24, 24, 24, 24, 24
ch161, 28, 28, 28, 28, 28, 28, 28, 28, 28, 28, 28, 28
ch165, 28, 28, 28, 28, 28, 28, 28, 28, 28, 28, 28, 28
</ru242>

<ru484, m0, m1, m2, m3, m4, m5, m6, m7, m8, m9, m10, m11>
ch038, 25, 25, 25, 25, 25, 25, 25, 25, 25, 25, 25, 25
ch042, 20, 20, 20, 20, 20, 20, 20, 20, 20, 20, 20, 20
ch046, 28, 28, 28, 28, 28, 28, 28, 28, 28, 28, 28, 28
ch050, x, x, x, x, x, x, x, x, x, x, x, x
ch054, 28, 28, 28, 28, 28, 28, 28, 28, 28, 28, 28, 28
ch058, 18, 18, 18, 18, 18, 18, 18, 18, 18, 18, 18, 18
ch062, 28, 28, 28, 28, 28, 28, 28, 28, 28, 28, 28, 28
ch102, 28, 28, 28, 28, 28, 28, 28, 28, 28, 28, 28, 28
ch106, 25, 25, 25, 25, 25, 25, 25, 25, 25, 25, 25, 25
ch110, 28, 28, 28, 28, 28, 28, 28, 28, 28, 28, 28, 28
ch114, x, x, x, x, x, x, x, x, x, x, x, x
ch118, 28, 28, 28, 28, 28, 28, 28, 28, 28, 28, 28, 28
ch122, 25, 25, 25, 25, 25, 25, 25, 25, 25, 25, 25, 25
ch126, 28, 28, 28, 28, 28, 28, 28, 28, 28, 28, 28, 28
ch134, 28, 28, 28, 28, 28, 28, 28, 28, 28, 28, 28, 28
ch138, x, x, x, x, x, x, x, x, x, x, x, x
ch142, x, x, x, x, x, x, x, x, x, x, x, x
ch151, 28, 28, 28, 28, 28, 28, 28, 28, 28, 28, 28, 28
ch155, 23, 23, 23, 23, 23, 23, 23, 23, 23, 23, 23, 23
ch159, 28, 28, 28, 28, 28, 28, 28, 28, 28, 28, 28, 28
</ru484>

<ru996, m0, m1, m2, m3, m4, m5, m6, m7, m8, m9, m10, m11> 
ch042, 22, 22, 22, 22, 22, 22, 22, 22, 22, 22, 22, 22
ch050, x, x, x, x, x, x, x, x, x, x, x, x
ch058, 21, 21, 21, 21, 21, 21, 21, 21, 21, 21, 21, 21
ch106, 27, 27, 27, 27, 27, 27, 27, 27, 27, 27, 27, 27
ch114, x, x, x, x, x, x, x, x, x, x, x, x
ch122, 28, 28, 28, 28, 28, 28, 28, 28, 28, 28, 28, 28
ch138, x, x, x, x, x, x, x, x, x, x, x, x
ch155, 26, 26, 26, 26, 26, 26, 26, 26, 26, 26, 26, 26
</ru996>

[00]
<cck,  c1, c2, c5, c11>
ch001, 22, 22, 22, 22
ch002, 22, 22, 22, 22
ch003, 22, 22, 22, 22
ch004, 22, 22, 22, 22
ch005, 22, 22, 22, 22
ch006, 22, 22, 22, 22
ch007, 22, 22, 22, 22
ch008, 22, 22, 22, 22
ch009, 22, 22, 22, 22
ch010, 22, 22, 22, 22
ch011, 22, 22, 22, 22
ch012, 22, 22, 22, 22
ch013, 22, 22, 22, 22
ch014, x, x, x, x
</cck>

<ofdm, o6, o9, o12, o18, o24, o36, o48, o54>
ch001, 26, 26, 26, 26, 26, 26, 26, 26
ch002, 26, 26, 26, 26, 26, 26, 26, 26
ch003, 26, 26, 26, 26, 26, 26, 26, 26
ch004, 26, 26, 26, 26, 26, 26, 26, 26
ch005, 26, 26, 26, 26, 26, 26, 26, 26
ch006, 26, 26, 26, 26, 26, 26, 26, 26
ch007, 26, 26, 26, 26, 26, 26, 26, 26
ch008, 26, 26, 26, 26, 26, 26, 26, 26
ch009, 26, 26, 26, 26, 26, 26, 26, 26
ch010, 26, 26, 26, 26, 26, 26, 26, 26
ch011, 26, 26, 26, 26, 26, 26, 26, 26
ch012, 26, 26, 26, 26, 26, 26, 26, 26
ch013, 20, 20, 20, 20, 20, 20, 20, 20
ch014, x, x, x, x, x, x, x, x
ch036, 18, 18, 18, 18, 18, 18, 18, 18
ch038, 18, 18, 18, 18, 18, 18, 18, 18
ch040, 18, 18, 18, 18, 18, 18, 18, 18
ch042, 18, 18, 18, 18, 18, 18, 18, 18
ch044, 19, 19, 19, 19, 19, 19, 19, 19
ch046, 19, 19, 19, 19, 19, 19, 19, 19
ch048, 19, 19, 19, 19, 19, 19, 19, 19
ch050, x, x, x, x, x, x, x, x
ch052, 19, 19, 19, 19, 19, 19, 19, 19
ch054, 19, 19, 19, 19, 19, 19, 19, 19
ch056, 20, 20, 20, 20, 20, 20, 20, 20
ch058, 20, 20, 20, 20, 20, 20, 20, 20
ch060, 21, 21, 21, 21, 21, 21, 21, 21
ch062, 21, 21, 21, 21, 21, 21, 21, 21
ch064, 21, 21, 21, 21, 21, 21, 21, 21
ch100, 17, 17, 17, 17, 17, 17, 17, 17
ch102, 17, 17, 17, 17, 17, 17, 17, 17
ch104, 17, 17, 17, 17, 17, 17, 17, 17
ch106, 17, 17, 17, 17, 17, 17, 17, 17
ch108, 17, 17, 17, 17, 17, 17, 17, 17
ch110, 17, 17, 17, 17, 17, 17, 17, 17
ch112, 17, 17, 17, 17, 17, 17, 17, 17
ch114, x, x, x, x, x, x, x, x
ch116, 17, 17, 17, 17, 17, 17, 17, 17
ch118, 17, 17, 17, 17, 17, 17, 17, 17
ch120, 17, 17, 17, 17, 17, 17, 17, 17
ch122, 17, 17, 17, 17, 17, 17, 17, 17
ch124, 17, 17, 17, 17, 17, 17, 17, 17
ch126, 17, 17, 17, 17, 17, 17, 17, 17
ch128, 17, 17, 17, 17, 17, 17, 17, 17
ch132, 19, 19, 19, 19, 19, 19, 19, 19
ch134, 19, 19, 19, 19, 19, 19, 19, 19
ch136, 19, 19, 19, 19, 19, 19, 19, 19
ch138, 19, 19, 19, 19, 19, 19, 19, 19
ch140, 19, 19, 19, 19, 19, 19, 19, 19
ch142, 17, 17, 17, 17, 17, 17, 17, 17
ch144, 17, 17, 17, 17, 17, 17, 17, 17
ch149, 11, 11, 11, 11, 11, 11, 11, 11
ch151, 11, 11, 11, 11, 11, 11, 11, 11
ch153, 11, 11, 11, 11, 11, 11, 11, 11
ch155, 11, 11, 11, 11, 11, 11, 11, 11
ch157, 12, 12, 12, 12, 12, 12, 12, 12
ch159, 12, 12, 12, 12, 12, 12, 12, 12
ch161, 12, 12, 12, 12, 12, 12, 12, 12
ch165, 12, 12, 12, 12, 12, 12, 12, 12
</ofdm>

<ht20, m0, m1, m2, m3, m4, m5, m6, m7>
ch001, 26, 26, 26, 26, 26, 26, 26, 26
ch002, 26, 26, 26, 26, 26, 26, 26, 26
ch003, 26, 26, 26, 26, 26, 26, 26, 26
ch004, 26, 26, 26, 26, 26, 26, 26, 26
ch005, 26, 26, 26, 26, 26, 26, 26, 26
ch006, 26, 26, 26, 26, 26, 26, 26, 26
ch007, 26, 26, 26, 26, 26, 26, 26, 26
ch008, 26, 26, 26, 26, 26, 26, 26, 26
ch009, 26, 26, 26, 26, 26, 26, 26, 26
ch010, 26, 26, 26, 26, 26, 26, 26, 26
ch011, 26, 26, 26, 26, 26, 26, 26, 26
ch012, 26, 26, 26, 26, 26, 26, 26, 26
ch013, 20, 20, 20, 20, 20, 20, 20, 20
ch014, x, x, x, x, x, x, x, x
ch036, 19, 19, 19, 19, 19, 19, 19, 19
ch038, 19, 19, 19, 19, 19, 19, 19, 19
ch040, 19, 19, 19, 19, 19, 19, 19, 19
ch042, 19, 19, 19, 19, 19, 19, 19, 19
ch044, 21, 21, 21, 21, 21, 21, 21, 21
ch046, 21, 21, 21, 21, 21, 21, 21, 21
ch048, 21, 21, 21, 21, 21, 21, 21, 21
ch050, x, x, x, x, x, x, x, x
ch052, 18, 18, 18, 18, 18, 18, 18, 18
ch054, 18, 18, 18, 18, 18, 18, 18, 18
ch056, 18, 18, 18, 18, 18, 18, 18, 18
ch058, 18, 18, 18, 18, 18, 18, 18, 18
ch060, 19, 19, 19, 19, 19, 19, 19, 19
ch062, 19, 19, 19, 19, 19, 19, 19, 19
ch064, 19, 19, 19, 19, 19, 19, 19, 19
ch100, 19, 19, 19, 19, 19, 19, 19, 19
ch102, 19, 19, 19, 19, 19, 19, 19, 19
ch104, 19, 19, 19, 19, 19, 19, 19, 19
ch106, 19, 19, 19, 19, 19, 19, 19, 19
ch108, 19, 19, 19, 19, 19, 19, 19, 19
ch110, 19, 19, 19, 19, 19, 19, 19, 19
ch112, 19, 19, 19, 19, 19, 19, 19, 19
ch114, x, x, x, x, x, x, x, x
ch116, 19, 19, 19, 19, 19, 19, 19, 19
ch118, 19, 19, 19, 19, 19, 19, 19, 19
ch120, 19, 19, 19, 19, 19, 19, 19, 19
ch122, 19, 19, 19, 19, 19, 19, 19, 19
ch124, 19, 19, 19, 19, 19, 19, 19, 19
ch126, 19, 19, 19, 19, 19, 19, 19, 19
ch128, 19, 19, 19, 19, 19, 19, 19, 19
ch132, 20, 20, 20, 20, 20, 20, 20, 20
ch134, 20, 20, 20, 20, 20, 20, 20, 20
ch136, 20, 20, 20, 20, 20, 20, 20, 20
ch138, 20, 20, 20, 20, 20, 20, 20, 20
ch140, 20, 20, 20, 20, 20, 20, 20, 20
ch142, 20, 20, 20, 20, 20, 20, 20, 20
ch144, 20, 20, 20, 20, 20, 20, 20, 20
ch149, 11, 11, 11, 11, 11, 11, 11, 11
ch151, 11, 11, 11, 11, 11, 11, 11, 11
ch153, 11, 11, 11, 11, 11, 11, 11, 11
ch155, 11, 11, 11, 11, 11, 11, 11, 11
ch157, 11, 11, 11, 11, 11, 11, 11, 11
ch159, 11, 11, 11, 11, 11, 11, 11, 11
ch161, 12, 12, 12, 12, 12, 12, 12, 12
ch165, 12, 12, 12, 12, 12, 12, 12, 12
</ht20>

<ht40, m0, m1, m2, m3, m4, m5, m6, m7, m32> 
ch038, 23, 23, 23, 23, 23, 23, 23, 23, 23
ch042, 23, 23, 23, 23, 23, 23, 23, 23, 23
ch046, 24, 24, 24, 24, 24, 24, 24, 24, 24
ch050, x, x, x, x, x, x, x, x, x
ch054, 17, 17, 17, 17, 17, 17, 17, 17, 17
ch058, 17, 17, 17, 17, 17, 17, 17, 17, 17
ch062, 18, 18, 18, 18, 18, 18, 18, 18, 18
ch102, 21, 21, 21, 21, 21, 21, 21, 21, 21
ch106, 21, 21, 21, 21, 21, 21, 21, 21, 21
ch110, 21, 21, 21, 21, 21, 21, 21, 21, 21
ch114, x, x, x, x, x, x, x, x, x
ch118, 21, 21, 21, 21, 21, 21, 21, 21, 21
ch122, 22, 22, 22, 22, 22, 22, 22, 22, 22
ch126, 22, 22, 22, 22, 22, 22, 22, 22, 22
ch134, 22, 22, 22, 22, 22, 22, 22, 22, 22
ch138, 22, 22, 22, 22, 22, 22, 22, 22, 22
ch142, 23, 23, 23, 23, 23, 23, 23, 23, 23
ch151, 11, 11, 11, 11, 11, 11, 11, 11, 11
ch155, 11, 11, 11, 11, 11, 11, 11, 11, 11
ch159, 11, 11, 11, 11, 11, 11, 11, 11, 11
</ht40>

<vht20, m0, m1, m2, m3, m4, m5, m6, m7, m8, m9>
ch001, 26, 26, 26, 26, 26, 26, 26, 26, 26, 26
ch002, 26, 26, 26, 26, 26, 26, 26, 26, 26, 26
ch003, 26, 26, 26, 26, 26, 26, 26, 26, 26, 26
ch004, 26, 26, 26, 26, 26, 26, 26, 26, 26, 26
ch005, 26, 26, 26, 26, 26, 26, 26, 26, 26, 26
ch006, 26, 26, 26, 26, 26, 26, 26, 26, 26, 26
ch007, 26, 26, 26, 26, 26, 26, 26, 26, 26, 26
ch008, 26, 26, 26, 26, 26, 26, 26, 26, 26, 26
ch009, 26, 26, 26, 26, 26, 26, 26, 26, 26, 26
ch010, 26, 26, 26, 26, 26, 26, 26, 26, 26, 26
ch011, 26, 26, 26, 26, 26, 26, 26, 26, 26, 26
ch012, 26, 26, 26, 26, 26, 26, 26, 26, 26, 26
ch013, 20, 20, 20, 20, 20, 20, 20, 20, 20, 20
ch014, x, x, x, x, x, x, x, x, x, x
ch036, 19, 19, 19, 19, 19, 19, 19, 19, 19, 19
ch038, 19, 19, 19, 19, 19, 19, 19, 19, 19, 19
ch040, 19, 19, 19, 19, 19, 19, 19, 19, 19, 19
ch042, 19, 19, 19, 19, 19, 19, 19, 19, 19, 19
ch044, 21, 21, 21, 21, 21, 21, 21, 21, 21, 21
ch046, 21, 21, 21, 21, 21, 21, 21, 21, 21, 21
ch048, 21, 21, 21, 21, 21, 21, 21, 21, 21, 21
ch050, x, x, x, x, x, x, x, x, x, x
ch052, 21, 21, 21, 21, 21, 21, 21, 21, 21, 21
ch054, 21, 21, 21, 21, 21, 21, 21, 21, 21, 21
ch056, 21, 21, 21, 21, 21, 21, 21, 21, 21, 21
ch058, 21, 21, 21, 21, 21, 21, 21, 21, 21, 21
ch060, 22, 22, 22, 22, 22, 22, 22, 22, 22, 22
ch062, 22, 22, 22, 22, 22, 22, 22, 22, 22, 22
ch064, 22, 22, 22, 22, 22, 22, 22, 22, 22, 22
ch100, 19, 19, 19, 19, 19, 19, 19, 19, 19, 19
ch102, 19, 19, 19, 19, 19, 19, 19, 19, 19, 19
ch104, 19, 19, 19, 19, 19, 19, 19, 19, 19, 19
ch106, 19, 19, 19, 19, 19, 19, 19, 19, 19, 19
ch108, 19, 19, 19, 19, 19, 19, 19, 19, 19, 19
ch110, 19, 19, 19, 19, 19, 19, 19, 19, 19, 19
ch112, 19, 19, 19, 19, 19, 19, 19, 19, 19, 19
ch114, x, x, x, x, x, x, x, x, x, x
ch116, 19, 19, 19, 19, 19, 19, 19, 19, 19, 19
ch118, 19, 19, 19, 19, 19, 19, 19, 19, 19, 19
ch120, 19, 19, 19, 19, 19, 19, 19, 19, 19, 19
ch122, 19, 19, 19, 19, 19, 19, 19, 19, 19, 19
ch124, 19, 19, 19, 19, 19, 19, 19, 19, 19, 19
ch126, 19, 19, 19, 19, 19, 19, 19, 19, 19, 19
ch128, 19, 19, 19, 19, 19, 19, 19, 19, 19, 19
ch132, 20, 20, 20, 20, 20, 20, 20, 20, 20, 20
ch134, 20, 20, 20, 20, 20, 20, 20, 20, 20, 20
ch136, 20, 20, 20, 20, 20, 20, 20, 20, 20, 20
ch138, 20, 20, 20, 20, 20, 20, 20, 20, 20, 20
ch140, 20, 20, 20, 20, 20, 20, 20, 20, 20, 20
ch142, 20, 20, 20, 20, 20, 20, 20, 20, 20, 20
ch144, 20, 20, 20, 20, 20, 20, 20, 20, 20, 20
ch149, 11, 11, 11, 11, 11, 11, 11, 11, 11, 11
ch151, 11, 11, 11, 11, 11, 11, 11, 11, 11, 11
ch153, 11, 11, 11, 11, 11, 11, 11, 11, 11, 11
ch155, 11, 11, 11, 11, 11, 11, 11, 11, 11, 11
ch157, 11, 11, 11, 11, 11, 11, 11, 11, 11, 11
ch159, 11, 11, 11, 11, 11, 11, 11, 11, 11, 11
ch161, 12, 12, 12, 12, 12, 12, 12, 12, 12, 12
ch165, 12, 12, 12, 12, 12, 12, 12, 12, 12, 12
</vht20>

<vht40, m0, m1, m2, m3, m4, m5, m6, m7, m8, m9>
ch038, 23, 23, 23, 23, 23, 23, 23, 23, 23, 23
ch042, 23, 23, 23, 23, 23, 23, 23, 23, 23, 23
ch046, 25, 25, 25, 25, 25, 25, 25, 25, 25, 25
ch050, x, x, x, x, x, x, x, x, x, x
ch054, 20, 20, 20, 20, 20, 20, 20, 20, 20, 20
ch058, 20, 20, 20, 20, 20, 20, 20, 20, 20, 20
ch062, 21, 21, 21, 21, 21, 21, 21, 21, 21, 21
ch102, 21, 21, 21, 21, 21, 21, 21, 21, 21, 21
ch106, 21, 21, 21, 21, 21, 21, 21, 21, 21, 21
ch110, 21, 21, 21, 21, 21, 21, 21, 21, 21, 21
ch114, x, x, x, x, x, x, x, x, x, x
ch118, 21, 21, 21, 21, 21, 21, 21, 21, 21, 21
ch122, 22, 22, 22, 22, 22, 22, 22, 22, 22, 22
ch126, 22, 22, 22, 22, 22, 22, 22, 22, 22, 22
ch134, 22, 22, 22, 22, 22, 22, 22, 22, 22, 22
ch138, 22, 22, 22, 22, 22, 22, 22, 22, 22, 22
ch142, 23, 23, 23, 23, 23, 23, 23, 23, 23, 23
ch151, 11, 11, 11, 11, 11, 11, 11, 11, 11, 11
ch155, 11, 11, 11, 11, 11, 11, 11, 11, 11, 11
ch159, 11, 11, 11, 11, 11, 11, 11, 11, 11, 11
</vht40>

<vht80, m0, m1, m2, m3, m4, m5, m6, m7, m8, m9> 
ch042, 22, 22, 22, 22, 22, 22, 22, 22, 22, 22
ch050, x, x, x, x, x, x, x, x, x, x
ch058, 20, 20, 20, 20, 20, 20, 20, 20, 20, 20
ch106, 22, 22, 22, 22, 22, 22, 22, 22, 22, 22
ch114, x, x, x, x, x, x, x, x, x, x
ch122, 22, 22, 22, 22, 22, 22, 22, 22, 22, 22
ch138, 24, 24, 24, 24, 24, 24, 24, 24, 24, 24
ch155, 12, 12, 12, 12, 12, 12, 12, 12, 12, 12
</vht80>

<ru26, m0, m1, m2, m3, m4, m5, m6, m7, m8, m9, m10, m11>
ch001, 9, 9, 9, 9, 9, 9, 9, 9, 9, 9, 9, 9
ch002, 9, 9, 9, 9, 9, 9, 9, 9, 9, 9, 9, 9
ch003, 9, 9, 9, 9, 9, 9, 9, 9, 9, 9, 9, 9
ch004, 9, 9, 9, 9, 9, 9, 9, 9, 9, 9, 9, 9
ch005, 9, 9, 9, 9, 9, 9, 9, 9, 9, 9, 9, 9
ch006, 9, 9, 9, 9, 9, 9, 9, 9, 9, 9, 9, 9
ch007, 9, 9, 9, 9, 9, 9, 9, 9, 9, 9, 9, 9
ch008, 9, 9, 9, 9, 9, 9, 9, 9, 9, 9, 9, 9
ch009, 9, 9, 9, 9, 9, 9, 9, 9, 9, 9, 9, 9
ch010, 9, 9, 9, 9, 9, 9, 9, 9, 9, 9, 9, 9
ch011, 9, 9, 9, 9, 9, 9, 9, 9, 9, 9, 9, 9
ch012, 9, 9, 9, 9, 9, 9, 9, 9, 9, 9, 9, 9
ch013, -6, -6, -6, -6, -6, -6, -6, -6, -6, -6, -6, -6
ch014, x, x, x, x, x, x, x, x, x, x, x, x
ch036, 2, 2, 2, 2, 2, 2, 2, 2, 2, 2, 2, 2
ch038, 2, 2, 2, 2, 2, 2, 2, 2, 2, 2, 2, 2
ch040, 2, 2, 2, 2, 2, 2, 2, 2, 2, 2, 2, 2
ch042, 2, 2, 2, 2, 2, 2, 2, 2, 2, 2, 2, 2
ch044, 5, 5, 5, 5, 5, 5, 5, 5, 5, 5, 5, 5
ch046, 5, 5, 5, 5, 5, 5, 5, 5, 5, 5, 5, 5
ch048, 2, 2, 2, 2, 2, 2, 2, 2, 2, 2, 2, 2
ch050, x, x, x, x, x, x, x, x, x, x, x, x
ch052, 4, 4, 4, 4, 4, 4, 4, 4, 4, 4, 4, 4
ch054, 4, 4, 4, 4, 4, 4, 4, 4, 4, 4, 4, 4
ch056, 4, 4, 4, 4, 4, 4, 4, 4, 4, 4, 4, 4
ch058, 4, 4, 4, 4, 4, 4, 4, 4, 4, 4, 4, 4
ch060, -1, -1, -1, -1, -1, -1, -1, -1, -1, -1, -1, -1
ch062, -1, -1, -1, -1, -1, -1, -1, -1, -1, -1, -1, -1
ch064, 2, 2, 2, 2, 2, 2, 2, 2, 2, 2, 2, 2
ch100, 5, 5, 5, 5, 5, 5, 5, 5, 5, 5, 5, 5
ch102, 5, 5, 5, 5, 5, 5, 5, 5, 5, 5, 5, 5
ch104, 5, 5, 5, 5, 5, 5, 5, 5, 5, 5, 5, 5
ch106, 5, 5, 5, 5, 5, 5, 5, 5, 5, 5, 5, 5
ch108, 5, 5, 5, 5, 5, 5, 5, 5, 5, 5, 5, 5
ch110, 5, 5, 5, 5, 5, 5, 5, 5, 5, 5, 5, 5
ch112, 5, 5, 5, 5, 5, 5, 5, 5, 5, 5, 5, 5
ch114, x, x, x, x, x, x, x, x, x, x, x, x
ch116, 5, 5, 5, 5, 5, 5, 5, 5, 5, 5, 5, 5
ch118, 5, 5, 5, 5, 5, 5, 5, 5, 5, 5, 5, 5
ch120, 5, 5, 5, 5, 5, 5, 5, 5, 5, 5, 5, 5
ch122, 5, 5, 5, 5, 5, 5, 5, 5, 5, 5, 5, 5
ch124, 5, 5, 5, 5, 5, 5, 5, 5, 5, 5, 5, 5
ch126, 5, 5, 5, 5, 5, 5, 5, 5, 5, 5, 5, 5
ch128, 5, 5, 5, 5, 5, 5, 5, 5, 5, 5, 5, 5
ch132, 6, 6, 6, 6, 6, 6, 6, 6, 6, 6, 6, 6
ch134, 6, 6, 6, 6, 6, 6, 6, 6, 6, 6, 6, 6
ch136, 6, 6, 6, 6, 6, 6, 6, 6, 6, 6, 6, 6
ch138, 6, 6, 6, 6, 6, 6, 6, 6, 6, 6, 6, 6
ch140, 6, 6, 6, 6, 6, 6, 6, 6, 6, 6, 6, 6
ch142, 5, 5, 5, 5, 5, 5, 5, 5, 5, 5, 5, 5
ch144, 5, 5, 5, 5, 5, 5, 5, 5, 5, 5, 5, 5
ch149, 9, 9, 9, 9, 9, 9, 9, 9, 9, 9, 9, 9
ch151, 9, 9, 9, 9, 9, 9, 9, 9, 9, 9, 9, 9
ch153, 9, 9, 9, 9, 9, 9, 9, 9, 9, 9, 9, 9
ch155, 9, 9, 9, 9, 9, 9, 9, 9, 9, 9, 9, 9
ch157, 9, 9, 9, 9, 9, 9, 9, 9, 9, 9, 9, 9
ch159, 9, 9, 9, 9, 9, 9, 9, 9, 9, 9, 9, 9
ch161, 9, 9, 9, 9, 9, 9, 9, 9, 9, 9, 9, 9
ch165, 9, 9, 9, 9, 9, 9, 9, 9, 9, 9, 9, 9
</ru26>

<ru52, m0, m1, m2, m3, m4, m5, m6, m7, m8, m9, m10, m11>
ch001, 15, 15, 15, 15, 15, 15, 15, 15, 15, 15, 15, 15
ch002, 15, 15, 15, 15, 15, 15, 15, 15, 15, 15, 15, 15
ch003, 14, 14, 14, 14, 14, 14, 14, 14, 14, 14, 14, 14
ch004, 14, 14, 14, 14, 14, 14, 14, 14, 14, 14, 14, 14
ch005, 14, 14, 14, 14, 14, 14, 14, 14, 14, 14, 14, 14
ch006, 14, 14, 14, 14, 14, 14, 14, 14, 14, 14, 14, 14
ch007, 14, 14, 14, 14, 14, 14, 14, 14, 14, 14, 14, 14
ch008, 14, 14, 14, 14, 14, 14, 14, 14, 14, 14, 14, 14
ch009, 14, 14, 14, 14, 14, 14, 14, 14, 14, 14, 14, 14
ch010, 14, 14, 14, 14, 14, 14, 14, 14, 14, 14, 14, 14
ch011, 14, 14, 14, 14, 14, 14, 14, 14, 14, 14, 14, 14
ch012, 14, 14, 14, 14, 14, 14, 14, 14, 14, 14, 14, 14
ch013, -5, -5, -5, -5, -5, -5, -5, -5, -5, -5, -5, -5
ch014, x, x, x, x, x, x, x, x, x, x, x, x
ch036, 8, 8, 8, 8, 8, 8, 8, 8, 8, 8, 8, 8
ch038, 8, 8, 8, 8, 8, 8, 8, 8, 8, 8, 8, 8
ch040, 8, 8, 8, 8, 8, 8, 8, 8, 8, 8, 8, 8
ch042, 8, 8, 8, 8, 8, 8, 8, 8, 8, 8, 8, 8
ch044, 9, 9, 9, 9, 9, 9, 9, 9, 9, 9, 9, 9
ch046, 9, 9, 9, 9, 9, 9, 9, 9, 9, 9, 9, 9
ch048, 8, 8, 8, 8, 8, 8, 8, 8, 8, 8, 8, 8
ch050, x, x, x, x, x, x, x, x, x, x, x, x
ch052, 7, 7, 7, 7, 7, 7, 7, 7, 7, 7, 7, 7
ch054, 7, 7, 7, 7, 7, 7, 7, 7, 7, 7, 7, 7
ch056, 7, 7, 7, 7, 7, 7, 7, 7, 7, 7, 7, 7
ch058, 7, 7, 7, 7, 7, 7, 7, 7, 7, 7, 7, 7
ch060, 8, 8, 8, 8, 8, 8, 8, 8, 8, 8, 8, 8
ch062, 8, 8, 8, 8, 8, 8, 8, 8, 8, 8, 8, 8
ch064, 7, 7, 7, 7, 7, 7, 7, 7, 7, 7, 7, 7
ch100, 10, 10, 10, 10, 10, 10, 10, 10, 10, 10, 10, 10
ch102, 10, 10, 10, 10, 10, 10, 10, 10, 10, 10, 10, 10
ch104, 10, 10, 10, 10, 10, 10, 10, 10, 10, 10, 10, 10
ch106, 10, 10, 10, 10, 10, 10, 10, 10, 10, 10, 10, 10
ch108, 10, 10, 10, 10, 10, 10, 10, 10, 10, 10, 10, 10
ch110, 10, 10, 10, 10, 10, 10, 10, 10, 10, 10, 10, 10
ch112, 10, 10, 10, 10, 10, 10, 10, 10, 10, 10, 10, 10
ch114, x, x, x, x, x, x, x, x, x, x, x, x
ch116, 10, 10, 10, 10, 10, 10, 10, 10, 10, 10, 10, 10
ch118, 10, 10, 10, 10, 10, 10, 10, 10, 10, 10, 10, 10
ch120, 10, 10, 10, 10, 10, 10, 10, 10, 10, 10, 10, 10
ch122, 10, 10, 10, 10, 10, 10, 10, 10, 10, 10, 10, 10
ch124, 10, 10, 10, 10, 10, 10, 10, 10, 10, 10, 10, 10
ch126, 10, 10, 10, 10, 10, 10, 10, 10, 10, 10, 10, 10
ch128, 10, 10, 10, 10, 10, 10, 10, 10, 10, 10, 10, 10
ch132, 10, 10, 10, 10, 10, 10, 10, 10, 10, 10, 10, 10
ch134, 10, 10, 10, 10, 10, 10, 10, 10, 10, 10, 10, 10
ch136, 10, 10, 10, 10, 10, 10, 10, 10, 10, 10, 10, 10
ch138, 10, 10, 10, 10, 10, 10, 10, 10, 10, 10, 10, 10
ch140, 10, 10, 10, 10, 10, 10, 10, 10, 10, 10, 10, 10
ch142, 9, 9, 9, 9, 9, 9, 9, 9, 9, 9, 9, 9
ch144, 9, 9, 9, 9, 9, 9, 9, 9, 9, 9, 9, 9
ch149, 10, 10, 10, 10, 10, 10, 10, 10, 10, 10, 10, 10
ch151, 10, 10, 10, 10, 10, 10, 10, 10, 10, 10, 10, 10
ch153, 10, 10, 10, 10, 10, 10, 10, 10, 10, 10, 10, 10
ch155, 10, 10, 10, 10, 10, 10, 10, 10, 10, 10, 10, 10
ch157, 11, 11, 11, 11, 11, 11, 11, 11, 11, 11, 11, 11
ch159, 11, 11, 11, 11, 11, 11, 11, 11, 11, 11, 11, 11
ch161, 11, 11, 11, 11, 11, 11, 11, 11, 11, 11, 11, 11
ch165, 11, 11, 11, 11, 11, 11, 11, 11, 11, 11, 11, 11
</ru52>

<ru106, m0, m1, m2, m3, m4, m5, m6, m7, m8, m9, m10, m11>
ch001, 20, 20, 20, 20, 20, 20, 20, 20, 20, 20, 20, 20
ch002, 20, 20, 20, 20, 20, 20, 20, 20, 20, 20, 20, 20
ch003, 20, 20, 20, 20, 20, 20, 20, 20, 20, 20, 20, 20
ch004, 20, 20, 20, 20, 20, 20, 20, 20, 20, 20, 20, 20
ch005, 20, 20, 20, 20, 20, 20, 20, 20, 20, 20, 20, 20
ch006, 20, 20, 20, 20, 20, 20, 20, 20, 20, 20, 20, 20
ch007, 20, 20, 20, 20, 20, 20, 20, 20, 20, 20, 20, 20
ch008, 20, 20, 20, 20, 20, 20, 20, 20, 20, 20, 20, 20
ch009, 20, 20, 20, 20, 20, 20, 20, 20, 20, 20, 20, 20
ch010, 19, 19, 19, 19, 19, 19, 19, 19, 19, 19, 19, 19
ch011, 19, 19, 19, 19, 19, 19, 19, 19, 19, 19, 19, 19
ch012, 19, 19, 19, 19, 19, 19, 19, 19, 19, 19, 19, 19
ch013, 2, 2, 2, 2, 2, 2, 2, 2, 2, 2, 2, 2
ch014, x, x, x, x, x, x, x, x, x, x, x, x
ch036, 14, 14, 14, 14, 14, 14, 14, 14, 14, 14, 14, 14
ch038, 14, 14, 14, 14, 14, 14, 14, 14, 14, 14, 14, 14
ch040, 14, 14, 14, 14, 14, 14, 14, 14, 14, 14, 14, 14
ch042, 14, 14, 14, 14, 14, 14, 14, 14, 14, 14, 14, 14
ch044, 14, 14, 14, 14, 14, 14, 14, 14, 14, 14, 14, 14
ch046, 14, 14, 14, 14, 14, 14, 14, 14, 14, 14, 14, 14
ch048, 14, 14, 14, 14, 14, 14, 14, 14, 14, 14, 14, 14
ch050, x, x, x, x, x, x, x, x, x, x, x, x
ch052, 11, 11, 11, 11, 11, 11, 11, 11, 11, 11, 11, 11
ch054, 11, 11, 11, 11, 11, 11, 11, 11, 11, 11, 11, 11
ch056, 11, 11, 11, 11, 11, 11, 11, 11, 11, 11, 11, 11
ch058, 11, 11, 11, 11, 11, 11, 11, 11, 11, 11, 11, 11
ch060, 13, 13, 13, 13, 13, 13, 13, 13, 13, 13, 13, 13
ch062, 13, 13, 13, 13, 13, 13, 13, 13, 13, 13, 13, 13
ch064, 12, 12, 12, 12, 12, 12, 12, 12, 12, 12, 12, 12
ch100, 15, 15, 15, 15, 15, 15, 15, 15, 15, 15, 15, 15
ch102, 15, 15, 15, 15, 15, 15, 15, 15, 15, 15, 15, 15
ch104, 15, 15, 15, 15, 15, 15, 15, 15, 15, 15, 15, 15
ch106, 15, 15, 15, 15, 15, 15, 15, 15, 15, 15, 15, 15
ch108, 15, 15, 15, 15, 15, 15, 15, 15, 15, 15, 15, 15
ch110, 15, 15, 15, 15, 15, 15, 15, 15, 15, 15, 15, 15
ch112, 15, 15, 15, 15, 15, 15, 15, 15, 15, 15, 15, 15
ch114, x, x, x, x, x, x, x, x, x, x, x, x
ch116, 15, 15, 15, 15, 15, 15, 15, 15, 15, 15, 15, 15
ch118, 15, 15, 15, 15, 15, 15, 15, 15, 15, 15, 15, 15
ch120, 15, 15, 15, 15, 15, 15, 15, 15, 15, 15, 15, 15
ch122, 15, 15, 15, 15, 15, 15, 15, 15, 15, 15, 15, 15
ch124, 15, 15, 15, 15, 15, 15, 15, 15, 15, 15, 15, 15
ch126, 15, 15, 15, 15, 15, 15, 15, 15, 15, 15, 15, 15
ch128, 15, 15, 15, 15, 15, 15, 15, 15, 15, 15, 15, 15
ch132, 15, 15, 15, 15, 15, 15, 15, 15, 15, 15, 15, 15
ch134, 15, 15, 15, 15, 15, 15, 15, 15, 15, 15, 15, 15
ch136, 15, 15, 15, 15, 15, 15, 15, 15, 15, 15, 15, 15
ch138, 15, 15, 15, 15, 15, 15, 15, 15, 15, 15, 15, 15
ch140, 15, 15, 15, 15, 15, 15, 15, 15, 15, 15, 15, 15
ch142, 15, 15, 15, 15, 15, 15, 15, 15, 15, 15, 15, 15
ch144, 15, 15, 15, 15, 15, 15, 15, 15, 15, 15, 15, 15
ch149, 10, 10, 10, 10, 10, 10, 10, 10, 10, 10, 10, 10
ch151, 10, 10, 10, 10, 10, 10, 10, 10, 10, 10, 10, 10
ch153, 10, 10, 10, 10, 10, 10, 10, 10, 10, 10, 10, 10
ch155, 10, 10, 10, 10, 10, 10, 10, 10, 10, 10, 10, 10
ch157, 11, 11, 11, 11, 11, 11, 11, 11, 11, 11, 11, 11
ch159, 11, 11, 11, 11, 11, 11, 11, 11, 11, 11, 11, 11
ch161, 11, 11, 11, 11, 11, 11, 11, 11, 11, 11, 11, 11
ch165, 11, 11, 11, 11, 11, 11, 11, 11, 11, 11, 11, 11
</ru106>

<ru242, m0, m1, m2, m3, m4, m5, m6, m7, m8, m9, m10, m11>
ch001, 26, 26, 26, 26, 26, 26, 26, 26, 26, 26, 26, 26
ch002, 26, 26, 26, 26, 26, 26, 26, 26, 26, 26, 26, 26
ch003, 25, 25, 25, 25, 25, 25, 25, 25, 25, 25, 25, 25
ch004, 25, 25, 25, 25, 25, 25, 25, 25, 25, 25, 25, 25
ch005, 25, 25, 25, 25, 25, 25, 25, 25, 25, 25, 25, 25
ch006, 25, 25, 25, 25, 25, 25, 25, 25, 25, 25, 25, 25
ch007, 25, 25, 25, 25, 25, 25, 25, 25, 25, 25, 25, 25
ch008, 25, 25, 25, 25, 25, 25, 25, 25, 25, 25, 25, 25
ch009, 25, 25, 25, 25, 25, 25, 25, 25, 25, 25, 25, 25
ch010, 25, 25, 25, 25, 25, 25, 25, 25, 25, 25, 25, 25
ch011, 25, 25, 25, 25, 25, 25, 25, 25, 25, 25, 25, 25
ch012, 25, 25, 25, 25, 25, 25, 25, 25, 25, 25, 25, 25
ch013, 23, 23, 23, 23, 23, 23, 23, 23, 23, 23, 23, 23
ch014, x, x, x, x, x, x, x, x, x, x, x, x
ch036, 18, 18, 18, 18, 18, 18, 18, 18, 18, 18, 18, 18
ch038, 18, 18, 18, 18, 18, 18, 18, 18, 18, 18, 18, 18
ch040, 18, 18, 18, 18, 18, 18, 18, 18, 18, 18, 18, 18
ch042, 18, 18, 18, 18, 18, 18, 18, 18, 18, 18, 18, 18
ch044, 20, 20, 20, 20, 20, 20, 20, 20, 20, 20, 20, 20
ch046, 18, 18, 18, 18, 18, 18, 18, 18, 18, 18, 18, 18
ch048, 20, 20, 20, 20, 20, 20, 20, 20, 20, 20, 20, 20
ch050, x, x, x, x, x, x, x, x, x, x, x, x
ch052, 21, 21, 21, 21, 21, 21, 21, 21, 21, 21, 21, 21
ch054, 13, 13, 13, 13, 13, 13, 13, 13, 13, 13, 13, 13
ch056, 21, 21, 21, 21, 21, 21, 21, 21, 21, 21, 21, 21
ch058, 13, 13, 13, 13, 13, 13, 13, 13, 13, 13, 13, 13
ch060, 22, 22, 22, 22, 22, 22, 22, 22, 22, 22, 22, 22
ch062, 14, 14, 14, 14, 14, 14, 14, 14, 14, 14, 14, 14
ch064, 22, 22, 22, 22, 22, 22, 22, 22, 22, 22, 22, 22
ch100, 19, 19, 19, 19, 19, 19, 19, 19, 19, 19, 19, 19
ch102, 20, 20, 20, 20, 20, 20, 20, 20, 20, 20, 20, 20
ch104, 19, 19, 19, 19, 19, 19, 19, 19, 19, 19, 19, 19
ch106, 20, 20, 20, 20, 20, 20, 20, 20, 20, 20, 20, 20
ch108, 19, 19, 19, 19, 19, 19, 19, 19, 19, 19, 19, 19
ch110, 20, 20, 20, 20, 20, 20, 20, 20, 20, 20, 20, 20
ch112, 19, 19, 19, 19, 19, 19, 19, 19, 19, 19, 19, 19
ch114, x, x, x, x, x, x, x, x, x, x, x, x
ch116, 19, 19, 19, 19, 19, 19, 19, 19, 19, 19, 19, 19
ch118, 20, 20, 20, 20, 20, 20, 20, 20, 20, 20, 20, 20
ch120, 19, 19, 19, 19, 19, 19, 19, 19, 19, 19, 19, 19
ch122, 21, 21, 21, 21, 21, 21, 21, 21, 21, 21, 21, 21
ch124, 19, 19, 19, 19, 19, 19, 19, 19, 19, 19, 19, 19
ch126, 21, 21, 21, 21, 21, 21, 21, 21, 21, 21, 21, 21
ch128, 19, 19, 19, 19, 19, 19, 19, 19, 19, 19, 19, 19
ch132, 20, 20, 20, 20, 20, 20, 20, 20, 20, 20, 20, 20
ch134, 21, 21, 21, 21, 21, 21, 21, 21, 21, 21, 21, 21
ch136, 20, 20, 20, 20, 20, 20, 20, 20, 20, 20, 20, 20
ch138, 21, 21, 21, 21, 21, 21, 21, 21, 21, 21, 21, 21
ch140, 20, 20, 20, 20, 20, 20, 20, 20, 20, 20, 20, 20
ch142, 19, 19, 19, 19, 19, 19, 19, 19, 19, 19, 19, 19
ch144, 20, 20, 20, 20, 20, 20, 20, 20, 20, 20, 20, 20
ch149, 11, 11, 11, 11, 11, 11, 11, 11, 11, 11, 11, 11
ch151, 10, 10, 10, 10, 10, 10, 10, 10, 10, 10, 10, 10
ch153, 11, 11, 11, 11, 11, 11, 11, 11, 11, 11, 11, 11
ch155, 10, 10, 10, 10, 10, 10, 10, 10, 10, 10, 10, 10
ch157, 11, 11, 11, 11, 11, 11, 11, 11, 11, 11, 11, 11
ch159, 11, 11, 11, 11, 11, 11, 11, 11, 11, 11, 11, 11
ch161, 12, 12, 12, 12, 12, 12, 12, 12, 12, 12, 12, 12
ch165, 12, 12, 12, 12, 12, 12, 12, 12, 12, 12, 12, 12
</ru242>

<ru484, m0, m1, m2, m3, m4, m5, m6, m7, m8, m9, m10, m11>
ch038, 22, 22, 22, 22, 22, 22, 22, 22, 22, 22, 22, 22
ch042, 11, 11, 11, 11, 11, 11, 11, 11, 11, 11, 11, 11
ch046, 24, 24, 24, 24, 24, 24, 24, 24, 24, 24, 24, 24
ch050, x, x, x, x, x, x, x, x, x, x, x, x
ch054, 20, 20, 20, 20, 20, 20, 20, 20, 20, 20, 20, 20
ch058, 15, 15, 15, 15, 15, 15, 15, 15, 15, 15, 15, 15
ch062, 21, 21, 21, 21, 21, 21, 21, 21, 21, 21, 21, 21
ch102, 21, 21, 21, 21, 21, 21, 21, 21, 21, 21, 21, 21
ch106, 20, 20, 20, 20, 20, 20, 20, 20, 20, 20, 20, 20
ch110, 21, 21, 21, 21, 21, 21, 21, 21, 21, 21, 21, 21
ch114, x, x, x, x, x, x, x, x, x, x, x, x
ch118, 21, 21, 21, 21, 21, 21, 21, 21, 21, 21, 21, 21
ch122, 19, 19, 19, 19, 19, 19, 19, 19, 19, 19, 19, 19
ch126, 22, 22, 22, 22, 22, 22, 22, 22, 22, 22, 22, 22
ch134, 22, 22, 22, 22, 22, 22, 22, 22, 22, 22, 22, 22
ch138, 21, 21, 21, 21, 21, 21, 21, 21, 21, 21, 21, 21
ch142, 23, 23, 23, 23, 23, 23, 23, 23, 23, 23, 23, 23
ch151, 11, 11, 11, 11, 11, 11, 11, 11, 11, 11, 11, 11
ch155, 12, 12, 12, 12, 12, 12, 12, 12, 12, 12, 12, 12
ch159, 11, 11, 11, 11, 11, 11, 11, 11, 11, 11, 11, 11
</ru484>

<ru996, m0, m1, m2, m3, m4, m5, m6, m7, m8, m9, m10, m11>
ch042, 22, 22, 22, 22, 22, 22, 22, 22, 22, 22, 22, 22
ch050, x, x, x, x, x, x, x, x, x, x, x, x
ch058, 20, 20, 20, 20, 20, 20, 20, 20, 20, 20, 20, 20
ch106, 22, 22, 22, 22, 22, 22, 22, 22, 22, 22, 22, 22
ch114, x, x, x, x, x, x, x, x, x, x, x, x
ch122, 22, 22, 22, 22, 22, 22, 22, 22, 22, 22, 22, 22
ch138, 24, 24, 24, 24, 24, 24, 24, 24, 24, 24, 24, 24
ch155, 12, 12, 12, 12, 12, 12, 12, 12, 12, 12, 12, 12
</ru996>
